18881.1	0.0	
2707.9	0.0	
18000.3	0.0	
2677.2	4.1	
1945.1	0.0	
2345.4	0.8	
2640.0	0.0	
2396.9	0.0	
2116.0	0.0	
17641.9	440.8	
16833.1	0.0	
17867.3	531.5	
2158.1	0.0	
2213.9	0.0	
4290.7	0.0	
2329.0	0.0	
17853.1	485.3	
2109.1	0.0	
2039.6	115.1	
2426.9	0.0	
18177.0	156.0	
4107.7	0.0	
1996.8	621.3	
2030.4	0.0	
2188.1	0.0	
2327.1	78.5	
2639.9	0.0	
2230.2	0.0	
2359.0	0.0	
1971.4	492.8	
1981.4	0.0	
2176.0	0.0	
2060.4	0.0	
2147.6	2.5	
8262.8	9.0	
16385.4	3.3	
3001.0	1510.7	
17718.4	30.4	
2128.4	129.2	
2011.4	0.0	
18008.7	33.9	
17346.0	129.6	
11915.6	66144.8	
2335.4	48.4	
2182.3	0.0	
2593.0	180.0	
1986.7	0.0	
2133.3	0.0	
4559.8	3662.6	
18065.2	0.0	
2041.4	0.0	
1937.7	0.0	
2119.7	0.0	
2594.1	4.5	
2253.7	0.0	
2212.3	0.0	
6217.0	334.3	
2016.7	0.0	
2076.2	5265.5	
2857.5	0.0	
2332.7	0.0	
2466.7	0.0	
2070.7	0.0	
2163.3	0.0	
2024.6	2.0	
1967.7	0.0	
10429.0	106.5	
3624.2	0.0	
2028.4	761.7	
17112.3	11746.9	
2725.5	2.0	
2329.5	2.5	
3112.6	0.0	
2716.6	0.0	
2454.6	0.0	
2192.6	0.0	
4486.5	53.7	
18460.8	0.0	
1918.7	0.0	
2100.7	0.0	
2405.6	0.0	
18687.6	149.0	
2009.6	0.0	
2209.5	82.2	
1997.7	0.0	
3100.5	0.0	
2447.7	0.0	
1930.9	0.0	
18389.5	231.7	
18158.5	0.0	
1948.7	0.0	
3180.3	0.0	
2238.2	140.4	
18959.7	0.0	
2393.5	0.0	
2826.4	0.0	
16843.9	381.3	
2301.6	0.0	
1997.0	0.0	
2448.8	0.0	
2052.8	0.0	
2290.5	23.0	
18252.7	0.0	
2910.6	0.0	
2094.9	0.0	
3081.5	0.0	
2265.8	0.0	
6075.1	0.0	
2045.9	0.0	
2027.0	0.0	
2161.0	0.0	
2403.4	203.0	
2082.8	0.0	
2106.4	9.4	
2124.9	0.0	
2240.0	0.0	
17829.5	188.5	
17586.2	164.3	
2868.3	128.5	
2612.2	0.1	
2191.0	0.0	
18215.5	1624.4	
2180.4	23.0	
1953.3	0.0	
2802.2	87.4	
1929.0	0.0	
3453.3	0.0	
18431.5	0.0	
2112.8	0.0	
17804.2	1331.4	
2220.0	64.1	
2788.8	54.0	
18242.4	0.0	
10597.8	0.0	
2288.9	0.0	
17093.4	3930.4	
2008.0	0.0	
1904.3	0.0	
2659.3	393.7	
2063.8	0.0	
18307.5	55.0	
1961.7	109.6	
1983.3	0.0	
1959.0	0.0	
13029.6	35444.9	
2677.6	29.1	
2332.3	2558.6	
18041.9	5200.1	
1892.2	0.0	
1934.3	0.0	
2297.9	206.6	
4853.4	319.1	
2370.5	530.6	
2136.6	43.0	
2402.6	114.6	
3843.1	100.0	
2421.2	0.0	
3950.7	0.0	
1909.6	0.0	
2411.5	76.3	
2356.0	1184.2	
18075.2	6.5	
1922.2	0.0	
3030.2	0.0	
2438.6	158.1	
1964.3	0.0	
1955.5	5.5	
15354.9	8568.2	
2166.6	43.0	
1873.2	0.0	
2126.4	17.6	
2031.5	0.0	
2451.2	0.0	
1939.6	0.0	
2073.6	0.0	
1952.2	0.0	
2664.2	0.0	
3291.9	0.4	
1986.5	2381.9	
2152.6	0.0	
1890.6	0.0	
18691.7	22.5	
2573.1	0.0	
2457.5	0.0	
2061.5	0.0	
2481.2	0.0	
2332.0	110.7	
3310.1	0.0	
2365.6	0.0	
2103.6	0.0	
3499.9	0.0	
3615.0	0.0	
2012.5	0.0	
2316.6	0.0	
1920.6	0.0	
2054.6	0.0	
17475.3	4794.9	
2487.5	0.0	
2232.6	6.5	
4694.5	114.5	
3078.1	0.0	
3091.3	0.0	
18052.9	38.6	
2042.5	0.0	
18346.7	0.0	
2066.1	9.4	
12063.5	50549.5	
3042.3	0.0	
2097.8	0.0	
17553.2	41.5	
2384.3	0.0	
2017.8	0.0	
17626.7	2754.6	
15433.8	0.0	
2176.8	0.0	
2395.0	5154.9	
18066.5	1698.8	
18915.9	0.0	
3072.3	0.0	
2127.8	0.0	
2047.8	0.0	
2004.7	59.9	
2885.1	330.2	
17227.9	1094.3	
16670.3	0.0	
8037.1	0.3	
1995.2	109.6	
2478.3	26.8	
1998.8	0.0	
16812.9	64.5	
2157.8	0.0	
3576.6	0.0	
2089.2	0.0	
3094.7	0.0	
18202.6	0.0	
2559.2	474.6	
3344.6	0.0	
2651.0	1208.5	
1937.2	0.0	
17659.4	0.0	
3082.6	0.0	
2119.2	0.0	
2253.2	0.0	
2290.1	0.0	
3087.5	1492.1	
1964.6	890.6	
3686.4	0.0	
2070.2	0.0	
3174.8	0.0	
17974.4	494.2	
2681.9	0.1	
3216.9	0.0	
3350.9	0.0	
1967.2	0.0	
2531.8	2001.2	
16156.7	0.0	
17258.7	2623.2	
2446.3	7.4	
2076.5	0.0	
14913.9	4.5	
2009.1	0.0	
1997.2	0.0	
1893.5	0.0	
2051.2	0.0	
1930.4	0.0	
2064.4	0.0	
1980.3	87.7	
2618.1	0.0	
2222.1	0.0	
3519.9	63.1	
2713.8	57.9	
2539.9	0.0	
2101.3	0.0	
1972.5	0.0	
2106.5	0.0	
2235.3	0.0	
11069.2	3941.1	
2917.0	0.0	
2422.4	228.2	
2303.2	209.7	
2614.3	57.7	
3027.2	0.1	
2448.3	0.0	
1923.5	0.0	
2052.3	0.0	
1957.5	429.6	
2923.8	0.0	
2094.4	0.0	
2238.3	163.0	
2527.3	0.0	
2131.3	0.0	
5591.2	0.0	
1874.5	0.0	
2032.8	0.0	
18331.2	0.0	
2307.4	0.0	
1911.4	0.0	
7668.3	30.1	
1986.7	2.0	
2478.3	0.0	
1953.5	0.0	
2082.3	0.0	
2124.4	0.0	
17106.6	4260.7	
1886.7	0.0	
2020.7	0.0	
2840.5	7.4	
14828.4	0.0	
2295.3	0.0	
2429.3	0.0	
1904.5	0.0	
1928.8	0.0	
17652.5	21.9	
2075.4	0.0	
16083.9	62.9	
2112.3	0.0	
2246.3	0.0	
2413.6	157.4	
2129.8	64.8	
1892.4	0.0	
14567.5	0.0	
2104.7	0.0	
2063.3	0.0	
17497.4	768.3	
12497.2	280.4	
2933.6	0.0	
18325.5	102.0	
3786.2	0.0	
2001.7	0.0	
2579.7	0.0	
1968.1	890.6	
2276.3	0.0	
2873.6	0.1	
2094.2	109.6	
2029.0	7.4	
2591.7	34.7	
2134.7	0.0	
2489.3	0.0	
18200.8	3.8	
2494.3	78.5	
5157.2	281.7	
2147.9	0.0	
2701.6	0.0	
2222.6	2.0	
2031.7	0.0	
3554.2	0.0	
1965.8	696.5	
2360.9	0.0	
2279.6	334.4	
2292.5	1.6	
18182.9	192.3	
2439.9	0.0	
2177.9	0.0	
2164.2	0.0	
2731.6	0.0	
18009.5	0.0	
2744.8	0.0	
14578.5	0.0	
2073.1	0.0	
2652.9	0.0	
2390.9	0.0	
2244.0	0.0	
2561.8	0.0	
2981.5	0.0	
8572.1	3056.1	
2152.1	0.0	
2299.8	0.0	
4194.7	14.6	
2286.1	0.0	
1890.1	0.0	
2207.9	0.0	
1945.9	0.0	
2457.0	0.0	
2348.1	84.2	
2103.1	0.0	
2554.9	0.0	
2274.0	0.0	
2012.0	0.0	
16203.4	0.0	
3536.3	0.0	
2591.8	0.0	
3670.3	0.0	
1920.1	0.0	
3307.9	7.4	
2054.1	0.0	
2749.0	0.0	
2371.9	0.0	
1975.9	0.0	
2487.0	0.0	
2091.0	0.0	
2359.1	35.9	
2938.8	0.0	
1975.6	1087.6	
18127.0	4.9	
2133.1	0.0	
2188.9	0.0	
2304.0	0.0	
1908.0	0.0	
2042.0	0.0	
11763.2	40606.2	
2017.3	0.0	
3558.7	0.0	
3162.2	0.0	
1968.3	0.0	
2172.9	20.4	
18126.1	53.7	
13677.9	60904.8	
18519.4	0.0	
2821.5	85.9	
10676.5	0.0	
2322.3	9.4	
2047.3	0.0	
18409.0	6.3	
1943.6	0.0	
16724.7	0.0	
18297.1	20.4	
18322.9	3.8	
1998.3	0.0	
2156.6	0.0	
18463.9	150.3	
18711.3	0.0	
18326.5	18.7	
2222.9	71.8	
1973.6	0.0	
2895.6	206.3	
12289.4	47441.6	
2028.3	0.0	
1924.6	0.0	
2871.3	0.1	
16779.9	11688.2	
18432.8	11.9	
16317.0	21823.9	
2399.6	0.0	
2003.6	0.0	
7747.2	1661.1	
6030.4	0.0	
18366.1	0.0	
2612.6	0.0	
2216.6	0.0	
1954.6	0.0	
2125.5	0.0	
4045.8	0.0	
18445.1	0.0	
2820.4	0.0	
2009.9	0.0	
2167.6	0.0	
2028.3	25.1	
17857.2	269.0	
2600.5	0.0	
9044.7	0.0	
2905.4	0.0	
1960.9	0.0	
2509.4	0.0	
18133.8	37.9	
2155.5	0.0	
16148.6	0.0	
2039.9	0.0	
1893.0	0.0	
2221.2	9.4	
15651.1	28.2	
2259.9	88.4	
3196.7	0.0	
18203.8	0.0	
2264.9	166.9	
2893.3	0.0	
1972.0	0.0	
2316.5	2698.0	
12721.1	607.6	
1923.0	0.0	
5878.7	139.2	
2923.3	0.0	
2374.8	0.0	
2020.9	0.0	
17718.5	0.0	
2191.8	0.0	
3610.6	0.0	
17925.4	0.0	
15945.2	6.1	
16734.3	0.0	
1953.0	0.0	
16287.2	52.2	
2291.4	4.4	
4200.0	2.7	
2404.8	0.0	
2000.9	64.1	
1886.2	0.0	
2336.2	0.0	
18114.7	184.4	
1928.3	0.0	
18164.7	0.9	
1929.1	60.0	
2947.9	0.1	
18241.5	6.3	
1879.3	0.0	
2873.2	4.1	
1941.3	60.0	
4840.2	0.0	
2895.3	47.6	
2673.3	0.1	
3670.6	0.0	
2001.2	0.0	
17747.1	51.5	
5895.8	0.0	
2500.8	433.7	
2910.3	407.4	
3067.9	0.0	
2792.2	0.0	
1976.5	0.0	
2021.0	9.0	
2648.3	98.4	
1962.3	23.1	
2147.4	0.0	
2018.6	0.0	
2701.1	0.0	
3280.9	0.0	
2215.5	149.3	
2072.0	91.6	
18177.3	0.0	
2328.6	114.6	
2031.2	0.0	
2756.9	0.0	
2609.2	0.0	
18038.1	92.0	
1969.6	0.0	
18016.7	36.9	
17842.5	122.3	
2951.0	0.0	
1982.2	0.0	
2140.5	0.0	
2689.0	0.0	
2573.4	0.0	
2048.6	0.0	
1915.4	0.0	
2358.6	1687.6	
2348.3	0.0	
1957.5	0.0	
17885.8	1689.1	
2390.4	0.0	
1994.4	0.0	
1999.6	0.0	
18088.0	0.0	
18222.0	0.0	
2036.5	0.0	
2170.5	0.0	
1932.8	0.0	
2207.4	0.0	
1945.4	0.0	
17705.7	307.1	
18820.4	3.6	
1987.5	0.0	
2680.0	193.5	
2158.4	0.0	
1896.4	0.0	
1897.4	2652.6	
2200.5	0.0	
1962.8	0.0	
1938.5	0.0	
18173.9	442.2	
2633.4	0.0	
1975.4	0.0	
18727.0	0.0	
1871.7	0.0	
4598.0	11366.1	
2804.3	0.0	
2146.3	0.0	
1913.8	0.0	
2625.4	1.5	
2793.0	2655.6	
18598.9	0.0	
1992.8	0.0	
2199.5	1128.8	
9922.6	0.0	
2235.8	64.1	
1901.7	0.0	
2613.7	0.0	
2176.3	0.0	
1943.8	0.0	
17970.4	0.0	
1894.8	0.0	
1931.7	0.0	
6084.5	1.4	
1943.1	0.0	
2856.7	0.0	
17526.9	5281.9	
2473.9	0.0	
11949.7	36197.2	
1973.1	0.0	
17338.8	1660.5	
16434.0	394.9	
6689.1	375.9	
2239.7	768.6	
2411.8	179.0	
2582.1	0.0	
2186.1	0.0	
1924.1	0.0	
18128.6	0.0	
1981.5	109.6	
2003.1	0.0	
2137.1	0.0	
17638.5	3502.9	
2310.7	217.5	
3270.6	0.0	
2570.0	0.0	
2174.0	0.0	
2001.3	118.6	
2179.2	0.0	
18548.5	0.0	
1954.1	0.0	
3483.6	0.0	
2089.9	23.0	
2801.9	0.0	
2125.0	0.0	
18429.2	0.0	
2429.1	0.0	
3786.7	4.0	
2167.1	0.0	
2338.0	0.0	
4258.3	0.0	
2076.0	0.0	
18316.5	0.0	
2655.8	0.0	
2857.9	64.4	
2211.8	23.0	
1960.4	0.0	
1984.1	0.0	
18322.6	0.0	
2155.0	0.0	
18791.5	0.0	
2289.0	0.0	
2039.4	0.0	
18053.9	0.0	
2508.2	2844.3	
17252.0	1941.8	
2210.3	0.0	
2502.0	0.0	
1990.4	0.0	
2740.2	0.1	
2066.7	772.6	
2068.7	0.0	
18502.5	66.4	
3757.5	74.0	
2961.0	1931.6	
3156.3	60.2	
11996.0	0.0	
8699.6	822.9	
17040.6	11604.1	
2020.4	0.0	
1916.7	0.0	
2494.7	0.0	
2082.0	22.2	
2665.6	0.0	
2071.2	456.1	
2647.9	29.1	
16590.1	21360.1	
1967.8	601.1	
2707.7	0.0	
2311.7	0.0	
2994.2	0.0	
2331.2	2884.9	
2049.7	0.0	
1946.3	2838.2	
16688.0	1067.0	
2142.3	0.0	
2220.6	0.0	
1946.7	0.0	
2128.7	0.0	
4573.8	0.0	
3207.2	0.0	
2515.5	54.4	
2055.5	1330.2	
2433.6	0.0	
18272.6	50.3	
2076.8	376.1	
1897.7	0.0	
2604.5	0.0	
2079.7	0.0	
17364.3	95.6	
3853.1	0.0	
2512.6	0.0	
2646.6	0.0	
1988.6	0.0	
1976.7	0.0	
2683.5	0.0	
2725.6	0.0	
1909.9	0.0	
2038.7	60.0	
2043.9	0.0	
12591.7	1870.7	
18213.4	13.6	
18053.2	9.6	
2505.7	0.0	
2109.7	0.0	
18542.7	0.0	
2372.5	0.0	
2122.9	0.0	
2256.9	0.0	
1976.0	0.0	
2482.9	2.8	
2414.6	0.0	
3372.3	0.0	
2847.5	0.0	
3321.8	1196.2	
2018.1	0.0	
18238.2	157.6	
1939.9	0.0	
2338.2	7.4	
2189.0	0.0	
2627.6	0.0	
2243.8	1.6	
3189.3	0.0	
2244.8	0.0	
2649.9	76.7	
18380.5	0.0	
2048.1	0.0	
1957.0	0.0	
2536.8	0.0	
3353.3	0.0	
3103.7	77.7	
2677.0	4.1	
1920.9	0.0	
2054.9	0.0	
2036.0	0.0	
7356.4	541.8	
1932.3	0.0	
18014.5	0.0	
13845.0	4.0	
17174.7	62.2	
2091.8	0.0	
2225.8	0.0	
18762.6	160.9	
2109.6	343.4	
1987.0	0.0	
17816.7	29.7	
1962.3	0.0	
1938.0	0.0	
2504.7	78.9	
14621.9	1018.5	
18025.7	0.7	
2517.8	0.0	
2803.1	0.0	
17989.4	0.0	
2017.0	0.0	
4462.1	0.0	
17943.8	49.6	
2096.4	9.4	
2914.0	0.1	
2545.5	38.0	
2053.4	352.2	
2164.0	24.3	
2400.2	0.0	
1992.3	0.0	
2320.8	2.7	
2875.2	0.0	
4137.5	0.0	
2088.0	1.0	
1943.3	0.0	
18295.4	59.3	
2101.6	0.0	
3478.3	2.2	
3088.2	0.0	
2143.7	0.0	
2430.2	0.0	
2168.2	0.0	
1918.6	0.0	
1979.6	95.9	
3314.9	0.0	
1931.2	0.0	
5945.4	0.0	
2089.5	0.0	
3168.0	0.0	
2643.2	0.0	
17194.0	284.4	
18147.1	0.0	
2265.6	0.0	
2421.9	2119.0	
2122.2	5.5	
2173.7	0.0	
2316.3	666.9	
3381.0	0.0	
2460.2	0.0	
2040.5	0.0	
2029.9	548.5	
7000.6	1.5	
3289.1	0.0	
2473.4	0.0	
3027.1	0.0	
2082.6	0.0	
2767.3	0.1	
2069.9	95.0	
2563.3	410.7	
3069.2	0.0	
18149.3	182.5	
2295.6	0.0	
1899.6	0.0	
2978.1	0.0	
2033.6	0.0	
2728.5	0.0	
2332.5	0.0	
2886.2	0.0	
3015.0	0.0	
2595.3	0.0	
2204.5	0.0	
1945.5	186.1	
2297.8	155.9	
3057.1	0.0	
2241.4	0.0	
1979.4	0.0	
2034.7	491.1	
18049.4	161.5	
2832.5	5231.9	
2808.3	0.0	
2283.5	0.0	
1887.5	0.0	
2021.5	0.0	
16738.6	0.0	
2063.6	0.0	
2285.2	2853.8	
2076.8	0.0	
2100.5	0.0	
1996.8	0.0	
1984.9	0.0	
2144.6	73.5	
2040.8	43.0	
17978.0	436.6	
2155.8	0.0	
2838.3	0.0	
18368.4	59.7	
18247.2	346.6	
2777.6	0.1	
2200.2	7.4	
2618.4	0.0	
2222.4	0.0	
2685.7	0.1	
17062.6	6156.2	
3354.7	0.0	
18030.4	161.5	
2655.3	0.0	
2106.8	0.0	
2026.8	0.0	
18172.7	0.0	
2088.4	185.5	
18813.9	23.6	
2393.4	3.0	
2868.3	0.0	
2216.7	97.2	
9115.7	2734.9	
1977.8	0.0	
2127.9	86.2	
2194.9	1974.9	
2356.8	3.0	
2219.9	1.5	
2854.5	59.9	
2407.7	91.1	
3032.3	0.0	
16121.2	27648.2	
2486.7	91.1	
18320.9	67.8	
2769.9	0.0	
2241.3	3510.3	
2327.1	5.5	
2098.2	0.0	
2232.2	0.0	
2177.8	195.1	
3494.5	0.0	
1893.6	109.6	
2269.1	0.0	
1995.2	0.0	
2049.2	0.0	
1948.3	109.6	
3316.7	0.0	
2220.1	0.0	
2501.7	16.0	
1946.2	0.0	
2128.2	0.0	
2391.0	0.0	
2262.2	0.0	
2479.5	466.6	
3957.4	0.0	
2434.2	228.0	
2488.9	0.0	
2866.0	0.0	
2079.2	0.0	
14017.9	21.9	
2037.6	29.2	
4512.4	11141.9	
16972.2	2059.4	
16149.3	76167.4	
1988.1	0.0	
1976.2	0.0	
3097.9	0.0	
2061.0	65.4	
2360.2	1171.1	
1872.5	0.0	
17855.4	3855.4	
3792.8	0.0	
2159.0	0.0	
1909.4	0.0	
2043.4	0.0	
2067.1	0.0	
2463.1	0.0	
2597.1	0.0	
2201.1	0.0	
18469.3	0.0	
18073.3	0.0	
2780.9	0.0	
2080.3	0.0	
2518.9	0.0	
2467.2	393.8	
17807.8	554.0	
2109.2	0.0	
18280.2	0.0	
1902.5	0.0	
1939.4	0.0	
2073.4	0.0	
2493.1	0.0	
18103.3	0.0	
18203.5	1350.2	
2798.0	0.0	
3377.8	0.0	
14147.8	384.1	
2286.4	0.0	
3157.9	0.0	
2323.3	0.0	
1932.5	0.0	
2061.3	0.0	
2143.1	8.5	
2103.4	0.0	
18117.9	0.0	
1999.7	0.0	
2315.7	0.0	
2274.3	0.0	
1907.8	0.0	
1883.5	0.0	
1920.4	0.0	
2054.4	0.0	
2394.7	0.0	
18392.6	153.2	
2107.3	20.6	
9376.4	41.0	
2487.3	0.0	
2091.3	0.0	
10640.5	0.0	
17742.7	0.0	
2029.7	0.0	
3290.2	0.0	
18118.6	294.2	
2304.3	0.0	
1913.5	0.0	
3167.3	85.8	
4013.9	1395.5	
2912.6	0.0	
1975.5	60.0	
2517.3	0.0	
2312.8	87.4	
1888.8	0.0	
2932.7	374.3	
2729.6	0.0	
2155.5	64.1	
2116.3	46.3	
3978.2	0.0	
18444.2	70.0	
2509.7	0.0	
2113.7	0.0	
3753.1	0.0	
2126.9	0.0	
3092.0	21.7	
15121.8	0.0	
2010.7	0.0	
2109.7	2.5	
12091.1	0.0	
3497.4	0.0	
2972.6	0.0	
18024.0	620.4	
2040.7	0.0	
2723.8	0.0	
17864.0	338.6	
17747.2	155.5	
1918.1	0.0	
4151.2	170.0	
2052.1	0.0	
16703.3	23043.5	
2235.9	0.0	
17171.4	20230.4	
2089.0	0.0	
2107.9	0.0	
2729.3	29.1	
2317.0	320.8	
2383.4	27.8	
2201.0	11.4	
2186.9	0.0	
2320.9	0.0	
1924.9	0.0	
3471.4	56.4	
2413.1	7.6	
2710.1	483.8	
2082.1	0.0	
18557.7	0.0	
2399.9	0.0	
2704.8	0.0	
2308.8	0.0	
17725.0	623.5	
1899.1	0.0	
1954.9	0.0	
18415.2	26.9	
3026.2	360.6	
3337.5	0.0	
15272.9	23471.1	
1914.3	13.6	
2167.9	0.0	
1956.8	70.9	
2283.0	0.0	
18123.1	7.6	
2045.3	0.0	
2021.0	0.0	
2063.1	0.0	
2739.2	8.1	
17603.0	0.0	
2380.9	0.0	
2076.3	0.0	
2100.0	0.0	
15441.4	1025.0	
1996.3	0.0	
1966.2	764.2	
2327.4	568.2	
18200.1	761.4	
2175.1	135.2	
4131.9	2.7	
2026.3	0.0	
17651.6	85.9	
2278.6	320.8	
3881.2	6283.0	
2650.7	195.8	
9845.9	66.0	
1977.3	0.0	
2135.6	0.0	
2057.9	1.2	
15278.3	13.0	
2033.2	25.1	
1952.6	0.0	
3348.9	0.0	
7042.6	0.0	
2679.4	0.1	
1964.4	879.2	
2427.6	0.0	
2007.3	0.0	
1903.6	0.0	
2269.2	19.2	
2469.7	0.0	
2207.7	0.0	
2859.5	41.0	
2411.4	63.5	
1982.6	0.0	
2116.6	0.0	
2596.5	341.0	
2945.5	0.0	
2158.7	0.0	
18211.1	0.0	
2062.1	1.2	
17651.1	53.3	
1933.6	0.0	
17255.6	814.8	
2237.7	0.0	
2104.5	0.0	
1988.9	0.0	
2012.6	0.0	
2146.6	0.0	
2970.3	0.0	
2579.5	0.0	
2317.5	0.0	
2201.9	0.0	
2621.6	0.0	
3350.9	276.2	
2857.6	35.2	
1963.6	0.0	
2882.6	4.0	
1983.9	43.0	
2792.5	0.0	
2134.5	0.0	
2556.0	346.9	
2018.9	0.0	
2567.4	0.0	
8569.2	2890.5	
2189.8	0.0	
17543.9	654.9	
12661.2	80.1	
2280.2	619.8	
2231.9	0.0	
2389.6	0.0	
1969.9	0.0	
1951.0	0.0	
2255.4	1.6	
17090.5	7112.4	
1953.4	349.4	
2140.8	0.0	
2048.9	0.0	
15604.8	0.0	
2794.5	240.1	
1999.9	0.0	
6674.3	0.0	
15976.0	26272.3	
17365.2	0.0	
2170.8	0.0	
9326.2	29906.0	
1932.0	0.0	
3328.3	0.0	
1999.2	0.0	
2029.9	0.0	
1907.3	0.0	
2041.3	0.0	
2307.4	7.4	
2251.2	1200.9	
2200.8	0.0	
10953.4	984.5	
3265.7	0.0	
2020.3	86.2	
3003.7	0.0	
2029.2	0.0	
2049.0	371.7	
2019.2	109.6	
2037.1	2.0	
1980.2	0.0	
13750.8	0.0	
1888.3	0.0	
2190.7	277.5	
1988.1	2.0	
1955.5	0.0	
2509.2	0.0	
2132.2	25.1	
1997.6	0.0	
2284.1	0.0	
6452.8	74.3	
2498.2	155.9	
18552.3	0.0	
2010.2	0.0	
2412.8	17.0	
2168.5	0.0	
2717.0	0.0	
2192.2	0.0	
2588.2	0.0	
3123.1	60.1	
2147.0	271.4	
2759.1	0.0	
1999.5	116.6	
2497.1	0.0	
1985.5	0.0	
1961.2	0.0	
4104.9	0.0	
2539.2	0.0	
2143.2	0.0	
2077.7	2.9	
2552.4	0.0	
2027.6	0.0	
18144.6	130.9	
9310.0	0.0	
2040.2	0.0	
1936.5	0.0	
9826.9	0.0	
4801.3	0.0	
2144.2	240.3	
2242.5	43.0	
1973.4	0.0	
2923.1	0.0	
2107.4	0.0	
2252.9	64.3	
2015.5	0.0	
2698.0	0.0	
1911.8	0.0	
2630.1	18.3	
2174.6	129.2	
2740.1	0.0	
1924.4	0.0	
2228.5	0.0	
3460.1	48.9	
1966.5	0.0	
2095.3	0.0	
2399.4	0.0	
2003.4	0.0	
18147.5	467.1	
2032.2	4535.8	
2948.5	4.6	
3752.6	87.0	
2340.2	56.7	
5634.2	0.0	
2704.3	0.0	
2179.5	0.0	
2019.5	11.0	
1941.8	0.0	
1917.5	0.0	
2612.4	0.0	
1954.4	0.0	
11530.8	0.0	
2387.3	0.0	
2125.3	0.0	
1996.5	0.0	
18071.4	231.7	
1892.8	0.0	
17893.2	53.3	
2167.4	0.0	
15391.7	57.6	
2301.4	0.0	
2996.3	0.0	
1971.8	0.0	
2812.6	0.0	
17133.5	0.0	
2551.3	0.0	
1922.8	0.0	
4012.2	0.0	
2671.7	0.0	
2764.3	0.0	
2192.7	2.0	
2197.5	1.2	
1910.7	0.0	
2622.7	0.0	
2581.3	0.0	
1952.8	0.0	
2363.1	87.4	
18521.5	112.7	
16922.5	10275.2	
16923.1	12941.1	
17688.4	5.3	
18504.8	348.5	
3793.4	0.0	
14007.8	40.6	
6754.5	4780.0	
2348.1	0.0	
1952.1	0.0	
18552.6	0.0	
16317.4	76146.9	
2352.0	577.7	
2256.2	0.0	
2143.8	2517.0	
2348.2	3.0	
2165.1	0.0	
1903.1	0.0	
2469.2	0.0	
2207.2	0.0	
2915.8	0.0	
2787.8	0.0	
1982.1	0.0	
2447.3	12.7	
2116.1	0.0	
2695.9	0.0	
2171.9	0.0	
3549.3	0.0	
2538.0	155.9	
1933.1	0.0	
2282.5	7.6	
2250.9	0.0	
2366.0	0.0	
2508.4	7011.9	
2104.0	0.0	
2546.7	79.9	
2012.1	0.0	
18350.6	0.0	
1884.1	0.0	
2597.9	0.0	
2183.0	0.0	
2317.0	0.0	
2372.8	0.0	
1963.1	0.0	
18215.9	0.0	
2097.1	0.0	
2676.9	0.0	
18438.2	0.0	
16044.9	68658.4	
2018.4	0.0	
2176.1	0.0	
2481.0	0.0	
3060.8	0.0	
16397.0	37.6	
1969.4	0.0	
2389.1	0.0	
2013.4	43.0	
2402.3	0.0	
2560.0	0.0	
2140.3	0.0	
2039.9	7.4	
2048.4	0.0	
2219.3	0.0	
4822.1	0.0	
2602.8	5807.5	
1895.7	0.0	
2100.2	2.7	
18236.2	0.0	
1901.4	458.4	
1974.7	0.0	
2290.7	0.0	
2973.2	0.0	
2896.8	1009.2	
3837.5	664.5	
2884.3	0.1	
1925.7	0.0	
2632.5	0.0	
2107.7	0.0	
14442.5	0.0	
17418.9	6132.9	
2547.7	3507.7	
2969.2	2.0	
13586.3	0.0	
2412.6	0.0	
2004.7	0.0	
2248.7	124.5	
2169.9	206.9	
2840.5	0.6	
1955.7	0.0	
2463.5	237.6	
3095.4	0.0	
1888.9	0.0	
2838.6	0.0	
2180.6	0.0	
2602.5	0.1	
5613.1	74.0	
1934.7	86.2	
2396.5	2.0	
2222.7	0.0	
3308.4	0.0	
2101.9	0.0	
2454.2	1784.5	
2259.6	0.0	
1979.3	49.6	
2272.8	0.0	
18272.9	2.7	
2826.5	0.0	
1997.1	0.0	
2997.4	0.0	
2052.9	0.0	
3692.3	0.0	
2421.0	31.7	
2045.8	65.4	
2777.5	0.0	
3472.4	0.0	
3076.4	0.0	
2131.9	0.0	
2614.1	207.6	
7106.4	9.3	
1985.0	0.0	
18646.0	0.0	
2697.2	3521.4	
2460.5	0.0	
10997.7	4994.5	
2175.7	82.1	
2027.1	0.0	
3161.4	0.0	
2216.9	0.0	
2125.2	1033.0	
1936.0	0.0	
2478.2	216.9	
1899.9	0.0	
2015.0	0.0	
2033.9	0.0	
2149.0	0.0	
18129.3	393.2	
2070.8	0.0	
2057.1	0.0	
18200.4	0.0	
2228.0	0.0	
17143.3	0.0	
2181.2	2.0	
1966.0	0.0	
3362.3	0.0	
2991.0	0.1	
2325.9	0.0	
2063.9	0.0	
1941.3	0.0	
9737.1	0.0	
1917.0	0.0	
2205.7	22.5	
17662.5	573.6	
1996.0	0.0	
18277.5	1.0	
1892.3	0.0	
18181.4	0.0	
2147.6	187.7	
1971.3	0.0	
12323.9	0.0	
2156.9	1480.5	
3208.1	0.0	
2097.3	164.9	
2086.8	0.9	
1880.2	0.0	
2442.6	135.8	
4649.9	4468.4	
1922.3	0.0	
17354.1	3.6	
1959.2	0.0	
2122.7	0.0	
2671.2	0.0	
17990.2	5.3	
18258.5	1.0	
1897.6	0.0	
1873.3	0.0	
5523.8	1522.2	
1910.2	0.0	
2068.5	0.0	
2472.8	6.5	
2622.2	0.0	
2957.5	1367.0	
1952.3	0.0	
10261.9	175.6	
2021.6	109.6	
2260.8	1796.6	
3372.9	0.0	
2348.2	19.2	
2281.5	0.0	
2019.5	0.0	
17448.9	8648.5	
17135.3	9836.1	
1927.6	0.0	
2323.6	0.0	
2061.6	0.0	
1973.4	2.0	
3457.9	0.0	
2098.5	0.0	
3177.0	0.0	
2140.6	0.0	
16104.1	572.6	
18363.0	0.0	
18101.0	0.0	
8216.5	0.0	
2865.2	0.0	
2049.5	0.0	
3445.8	0.0	
18908.3	0.0	
3353.9	0.0	
12601.4	923.7	
2235.1	7.4	
2382.2	79.9	
2787.3	0.0	
2549.6	60.0	
2130.8	1386.7	
2695.4	0.0	
2304.6	0.0	
1908.6	0.0	
17702.2	12.7	
2042.6	0.0	
2171.4	0.0	
3700.9	0.0	
2866.3	0.0	
18383.0	173.6	
2475.5	0.0	
2604.3	0.0	
2079.5	0.0	
2213.5	0.0	
1963.9	0.0	
2121.6	0.0	
2250.4	0.0	
2384.4	0.0	
2847.7	0.1	
1988.4	0.0	
3237.0	0.0	
5332.7	0.0	
2463.4	0.0	
2597.4	0.0	
2201.4	0.0	
4697.2	5387.9	
2005.8	0.0	
2482.5	16.0	
17959.8	1227.9	
17824.1	75.5	
2628.9	0.1	
13136.7	18574.2	
2345.3	18.5	
2627.4	0.0	
17715.5	1727.9	
14063.8	21.9	
2115.8	0.0	
2497.6	16.6	
2035.8	0.0	
18245.4	0.0	
2009.0	316.3	
17058.7	7743.6	
16326.0	0.0	
17855.8	266.7	
16971.8	0.7	
17293.1	2435.6	
2072.2	417.4	
10411.7	0.0	
15738.1	206.8	
3089.6	0.0	
18007.9	1720.4	
2260.2	0.0	
17606.6	1124.1	
2748.9	0.0	
1895.2	0.0	
2180.5	78.5	
2077.2	0.0	
14245.6	70436.6	
1974.2	0.0	
3119.6	0.0	
2290.2	0.0	
2199.1	0.0	
1925.2	0.0	
11314.4	0.0	
2107.2	0.0	
2016.1	0.0	
2004.2	0.0	
3149.6	0.0	
2845.0	0.0	
2320.2	0.0	
2058.2	0.0	
2900.8	0.0	
2887.1	0.0	
2229.1	0.0	
2805.1	1.9	
3887.4	0.0	
2546.9	0.0	
2221.3	7.4	
2271.2	0.0	
4716.3	0.0	
4320.3	0.0	
3113.8	0.0	
1888.4	0.0	
2442.1	0.0	
13804.7	0.0	
1930.5	0.0	
2088.2	0.0	
2222.2	0.0	
18290.1	30.9	
18626.1	40.6	
18741.6	20.6	
2917.1	0.0	
2655.1	0.0	
4044.3	138.6	
18115.9	0.0	
18798.4	0.0	
2972.9	0.0	
2282.5	4791.2	
3106.9	0.0	
2143.5	0.0	
2130.9	1374.5	
2564.0	0.0	
2314.4	0.0	
1918.4	0.0	
17877.6	205.6	
2472.1	0.0	
2076.1	0.0	
2052.4	0.0	
1943.5	60.0	
2089.3	0.0	
17864.6	1253.2	
3356.8	0.0	
2131.4	0.0	
18358.0	472.9	
2959.6	85.9	
2265.4	0.0	
1911.5	0.0	
9578.7	294.6	
2082.4	0.0	
2061.2	2785.7	
18504.6	14.5	
2267.5	61.1	
2253.3	0.0	
2020.8	0.0	
4085.9	4.0	
2070.3	0.0	
2700.5	76.7	
2738.5	3.8	
18539.6	19.3	
2112.4	0.0	
1874.7	0.0	
2008.7	0.0	
2299.0	8406.2	
2720.7	0.0	
2283.3	0.0	
2432.0	7.4	
2975.4	661.1	
2063.4	0.0	
2244.4	123.4	
2234.3	0.0	
16211.4	75839.3	
2038.7	0.0	
2092.7	0.0	
18254.9	173.3	
1932.8	1775.1	
2502.6	16.0	
1989.7	0.0	
18285.5	64.7	
6086.1	0.0	
2305.7	0.0	
2344.0	0.6	
2066.7	334.9	
10152.1	1763.9	
3000.6	0.0	
2738.6	0.0	
2082.2	109.6	
2780.7	0.0	
3329.2	0.0	
1940.7	0.0	
2384.7	0.0	
18153.2	919.6	
1972.2	81.9	
2531.9	0.0	
17416.1	951.0	
11301.3	540.4	
2019.7	0.0	
2461.2	1846.2	
1897.1	0.0	
2214.9	0.0	
3164.6	0.0	
2410.4	619.8	
2939.5	0.0	
2677.5	0.0	
2110.1	0.0	
2383.0	60.1	
2165.9	0.0	
2189.5	9.4	
2603.5	2249.1	
1903.9	0.0	
2019.0	0.0	
5059.7	54.7	
2336.8	0.0	
2323.1	0.0	
2587.4	5133.9	
1927.1	0.0	
2089.1	86.2	
2178.1	267.8	
2512.9	0.0	
2098.0	0.0	
2232.0	0.0	
2647.1	121.7	
18184.9	248.3	
3365.5	0.0	
1878.1	0.0	
2096.0	341.5	
2591.9	0.0	
2195.9	0.0	
2311.0	0.0	
2049.0	0.0	
18543.3	50.5	
2542.9	0.0	
2024.3	0.0	
2019.0	25.1	
14518.6	0.0	
2317.8	0.0	
2417.6	158.2	
2042.1	0.0	
18552.6	166.3	
17582.0	0.0	
2208.4	4.1	
1975.3	0.0	
2530.8	0.0	
2779.9	224.3	
17941.5	473.3	
3018.1	0.1	
2030.0	0.0	
2192.4	7.4	
2028.1	0.9	
2339.4	88.8	
2675.2	456.3	
2005.3	0.0	
17889.2	0.0	
2647.6	62.8	
16497.1	73872.9	
3150.2	0.0	
1956.3	0.0	
2035.3	0.0	
2193.6	0.0	
1942.0	129.0	
2327.6	0.0	
1931.6	0.0	
17680.3	244.4	
9546.3	0.0	
2235.7	0.0	
1944.2	0.0	
2450.6	155.9	
1986.3	0.0	
3393.2	0.0	
2136.8	7.4	
2871.4	0.1	
12347.6	0.0	
2619.6	0.0	
17951.6	41.5	
2357.6	0.0	
1961.6	0.0	
2140.6	2.5	
2364.4	10.5	
14743.7	0.0	
2174.6	0.0	
2176.5	430.4	
17541.0	3031.3	
1912.6	0.0	
2152.0	371.8	
2607.5	0.0	
2216.7	0.0	
1991.6	0.0	
17956.2	176.3	
2167.7	0.0	
3125.4	0.0	
8088.9	34.3	
2204.6	0.0	
1942.6	0.0	
1923.1	168.1	
3296.3	0.0	
3716.0	0.0	
1997.9	0.0	
3496.1	0.0	
3203.4	41.0	
2155.6	0.0	
2179.2	9.4	
17922.6	388.8	
3533.0	0.0	
2010.4	343.6	
2326.5	0.0	
18331.2	13.2	
1930.0	0.0	
1948.9	0.0	
2213.2	7.4	
2746.0	22.9	
2119.8	0.0	
2027.9	0.0	
2089.9	60.0	
18328.4	0.0	
2065.6	83.5	
17137.3	0.0	
1978.9	0.0	
2140.9	86.2	
2960.3	0.0	
2149.8	0.0	
17145.8	51.6	
2912.8	0.1	
6866.3	0.0	
2444.2	577.5	
2671.6	38.7	
18358.4	0.0	
2008.9	0.0	
2314.2	302.4	
3082.5	117.0	
18381.3	31.9	
2085.0	2159.4	
2373.2	0.0	
14630.2	3347.7	
13970.1	9.6	
17953.0	191.9	
1919.7	389.6	
16642.7	0.0	
2008.2	0.0	
3549.6	0.0	
2586.2	0.0	
2377.2	12.3	
2324.2	0.0	
2739.4	29.1	
7755.9	288.6	
3366.6	0.0	
2970.1	0.0	
2708.1	0.0	
2038.2	0.0	
1934.5	0.0	
2354.2	0.0	
18362.1	16.9	
2092.2	0.0	
5670.8	0.0	
2347.9	82.7	
1989.2	0.0	
2255.3	7.4	
2171.2	0.0	
17792.3	144.2	
1930.5	2.0	
9734.5	0.0	
2625.2	488.7	
2738.1	0.0	
1922.4	0.0	
2476.1	0.0	
2036.1	5.7	
1964.5	0.0	
1940.2	0.0	
17381.2	53.7	
16154.8	27696.4	
2006.6	0.0	
2135.4	0.0	
2293.1	0.0	
10383.1	393.9	
2043.5	0.0	
2059.5	2967.6	
2019.2	0.0	
2306.3	0.0	
1915.5	0.0	
18388.7	62.2	
1964.5	97.3	
1952.4	0.0	
2506.1	0.0	
2519.3	0.0	
1994.5	0.0	
2548.2	0.0	
2677.0	0.0	
1890.8	0.0	
2291.2	54.8	
3166.9	61.4	
2036.6	0.0	
2719.1	0.0	
1903.4	0.0	
18259.0	0.0	
18329.3	0.0	
2756.0	0.0	
1945.5	0.0	
18072.3	603.0	
1982.4	0.0	
2116.4	0.0	
18146.3	0.0	
1920.8	0.0	
1896.5	0.0	
2195.4	0.0	
1933.4	0.0	
18605.9	0.0	
1975.5	0.0	
2104.3	0.0	
2146.4	0.0	
2203.8	109.6	
1950.8	0.0	
17299.7	888.5	
1963.4	0.0	
2833.7	0.0	
2530.3	0.0	
1901.8	0.0	
2176.4	0.0	
16524.3	0.0	
1968.2	23.2	
2388.7	0.0	
2743.3	0.0	
2347.3	0.0	
17869.0	251.1	
2748.7	2.8	
2821.6	0.0	
2724.0	149.4	
2863.7	0.0	
2560.3	0.0	
8778.2	0.0	
2063.2	26.9	
2156.2	0.0	
1970.6	70.9	
2602.8	0.0	
1931.1	0.0	
2510.9	0.0	
2892.9	9.6	
2596.9	518.3	
18556.1	0.0	
2235.2	0.0	
2856.9	30.7	
8891.8	30.1	
2606.8	12.3	
2010.1	0.0	
15405.1	3.8	
16599.2	12073.5	
2223.1	0.0	
18227.0	117.3	
2357.1	0.0	
2674.9	0.0	
1981.4	43.0	
2427.2	147.9	
2132.0	0.0	
4098.9	0.0	
1986.6	1945.4	
17883.8	48.6	
3528.3	0.0	
2174.1	0.0	
1912.1	0.0	
4177.9	0.0	
2216.2	0.0	
2083.0	0.0	
2464.3	22.5	
1991.1	0.0	
2162.0	0.0	
2352.4	155.9	
2192.9	191.6	
1942.1	0.0	
2259.9	0.0	
2113.0	0.0	
18283.2	0.0	
2583.7	141.4	
1997.4	0.0	
2155.1	0.0	
2472.9	0.0	
2588.0	0.0	
2168.3	0.0	
17985.3	2218.5	
18219.3	170.0	
17924.9	1987.8	
2643.8	0.0	
18368.2	0.0	
17828.9	0.0	
2039.3	0.0	
2127.1	22.5	
2144.4	129.2	
2027.4	0.0	
2198.3	0.0	
1993.2	2.0	
15930.3	0.0	
2056.7	0.0	
2149.3	0.0	
2402.6	2051.6	
2227.6	0.0	
17566.0	6975.2	
2093.4	273.9	
1953.7	0.0	
11580.5	16967.8	
2128.3	86.2	
1904.7	0.0	
3031.2	0.0	
2220.7	0.0	
2179.3	0.0	
2433.7	0.0	
3415.1	0.0	
2208.6	0.0	
2138.1	22.5	
2068.8	512.7	
17067.0	4140.9	
1934.7	0.0	
16366.1	7.0	
2379.5	0.0	
2162.5	2.5	
2683.6	0.0	
2204.6	2.0	
4079.9	0.0	
4678.0	2.9	
2163.5	9.3	
2592.5	0.0	
2067.7	0.0	
18516.1	0.0	
3421.4	0.0	
3025.4	0.0	
2080.9	0.0	
2049.0	1724.2	
10086.4	0.0	
4083.3	113.2	
2155.6	2.0	
1964.7	0.0	
1956.7	2556.9	
2081.1	511.0	
1976.1	0.0	
17959.7	63.5	
18467.1	0.0	
1897.9	0.0	
2031.9	0.0	
17436.8	1436.1	
2585.6	0.0	
2884.5	0.0	
2068.8	0.0	
2110.9	0.0	
1964.0	0.0	
18532.7	34.9	
18644.4	410.1	
18625.0	0.0	
14380.5	712.0	
2323.9	0.0	
2061.9	0.0	
2043.0	0.0	
2177.0	0.0	
17906.6	3.0	
1977.1	696.5	
2494.8	0.0	
2098.8	0.0	
2628.8	0.0	
2179.7	281.9	
2274.9	0.0	
1878.9	0.0	
1994.0	0.0	
2012.9	0.0	
2311.9	3248.3	
2049.8	0.0	
16594.4	34267.2	
2776.9	10.6	
2091.9	0.0	
1945.0	0.0	
2262.8	0.0	
18473.8	0.9	
2396.8	0.0	
2622.8	2.8	
2304.9	0.0	
2042.9	0.0	
1920.3	0.0	
3461.7	0.0	
1896.0	0.0	
16338.3	27.4	
2213.8	0.0	
16646.9	25348.9	
2228.5	7.4	
17981.7	53.3	
1975.0	0.0	
2701.1	0.1	
2292.8	0.0	
2426.8	0.0	
1908.2	0.0	
1950.3	0.0	
17055.4	165.6	
2437.2	0.0	
6183.6	11777.5	
3704.7	0.0	
1979.0	23.1	
1901.3	0.0	
3175.0	0.0	
3153.6	27.6	
2821.1	0.0	
1876.6	0.0	
2520.3	1843.4	
2207.1	185.4	
2264.6	272.3	
1889.2	0.0	
2254.5	8.6	
2467.2	0.0	
2915.9	70.9	
2047.5	0.0	
7387.1	0.0	
1931.3	0.0	
18213.9	6.3	
2131.7	0.0	
2260.5	0.0	
2814.2	0.0	
17590.8	167.1	
1906.6	0.0	
2589.1	0.0	
2442.8	78.5	
1919.2	0.0	
2077.5	0.0	
18001.9	177.6	
2248.4	0.0	
5196.7	0.0	
3369.0	0.0	
2023.3	60.0	
2028.5	0.0	
17885.0	764.3	
2332.6	0.0	
1931.2	493.2	
2619.1	0.0	
2199.4	0.0	
2632.3	0.0	
2107.5	0.0	
2241.5	0.0	
2370.3	0.0	
2003.8	0.0	
1979.5	0.0	
2674.4	0.0	
2665.2	119.5	
2808.4	0.0	
1887.6	0.0	
2021.6	0.0	
2396.8	295.9	
18142.9	24.6	
2454.5	0.0	
2058.5	0.0	
2192.5	0.0	
1954.8	0.0	
2052.8	352.2	
1942.9	0.0	
2896.2	725.3	
1967.4	0.0	
16815.7	8206.6	
2271.5	0.0	
5311.7	0.0	
1875.5	0.0	
2033.8	0.0	
2009.5	0.0	
18067.1	0.0	
2916.7	0.0	
2732.0	23.9	
3813.5	19.2	
2064.8	0.0	
7177.8	0.0	
2351.3	0.0	
2000.4	57.4	
1984.8	0.0	
2167.9	9.4	
10832.6	5195.1	
2143.8	0.0	
18343.7	0.0	
3300.6	0.0	
1935.8	0.0	
3080.7	0.0	
2057.8	1330.2	
2094.8	0.0	
2777.3	0.0	
2014.8	0.0	
2685.4	0.0	
13171.8	2123.3	
3071.3	3.1	
18564.1	230.0	
1965.8	0.0	
18435.7	48.9	
2056.2	0.0	
18503.0	0.9	
1953.2	0.0	
2269.2	0.0	
14945.5	0.0	
3269.5	0.0	
17545.6	1048.2	
1904.2	0.0	
2220.2	0.0	
2350.9	425.7	
1995.1	0.0	
2970.9	0.0	
1983.2	0.0	
2824.0	0.0	
3695.5	0.0	
2076.6	103.5	
15144.3	6.5	
2754.7	109.2	
3433.5	0.0	
3183.9	0.0	
18743.0	169.2	
2921.9	0.0	
17818.3	0.0	
2989.7	61.4	
2287.1	0.0	
2025.1	0.0	
4649.3	367.7	
3134.9	0.0	
1909.5	0.0	
2458.0	0.0	
2592.0	0.0	
17966.1	41.5	
2634.1	0.0	
2951.9	0.0	
2671.0	0.0	
2147.0	0.0	
3122.8	0.0	
1897.4	0.0	
17915.1	112.6	
2031.4	0.0	
2451.1	0.0	
2055.1	0.0	
2068.3	0.0	
1939.5	0.0	
3779.1	9.9	
2152.5	0.0	
1997.1	7.4	
2415.3	0.0	
1890.5	0.0	
2169.8	155.1	
2583.9	187.9	
2061.4	0.0	
18337.9	0.0	
2494.3	0.0	
2098.3	0.0	
18576.2	8.0	
17893.0	0.0	
2232.3	0.0	
2652.0	0.0	
5041.5	55.4	
1999.8	0.0	
18298.2	0.0	
17767.2	183.9	
1878.4	0.0	
2352.7	0.0	
2311.3	0.0	
2445.3	0.0	
1920.5	0.0	
2049.3	0.0	
18114.8	6.3	
18645.2	0.0	
16727.4	20197.9	
2242.4	260.4	
1987.7	0.0	
2565.7	0.0	
2303.7	0.0	
2988.4	0.1	
1895.8	0.0	
2029.8	0.0	
2295.9	7.4	
2042.4	0.0	
2349.7	577.7	
2120.7	0.0	
2475.3	0.0	
2079.3	0.0	
17289.2	11598.0	
2292.3	0.0	
2071.7	0.0	
2937.5	0.0	
2292.4	3.0	
2251.1	110.7	
2919.1	1464.9	
2675.5	0.0	
2150.7	0.0	
1876.8	0.0	
2047.7	0.0	
2101.7	0.0	
2417.5	10019.4	
2930.6	0.0	
2114.9	0.0	
2668.6	0.0	
2293.9	2.0	
17470.3	44.4	
2967.5	0.0	
1998.7	0.0	
2576.7	0.0	
2180.7	0.0	
16903.6	5656.4	
1876.1	0.0	
18501.1	0.0	
1931.9	0.0	
2047.0	0.0	
2320.4	238.3	
9126.9	0.0	
2960.6	0.0	
2144.9	0.0	
16413.5	3186.5	
1882.9	0.0	
2260.0	0.0	
2698.6	0.0	
18184.0	42.1	
2532.2	3.8	
16325.0	71983.0	
2302.1	0.0	
1906.1	0.0	
2040.1	0.0	
16484.8	83411.2	
1961.9	0.0	
16268.4	0.0	
2111.2	64.1	
2119.1	0.0	
1921.3	13.6	
2663.5	40.7	
1912.9	0.0	
2308.9	0.0	
2028.0	0.0	
18268.5	0.0	
2289.6	1562.8	
2083.8	0.0	
3332.4	0.0	
17699.1	493.5	
3466.4	0.0	
2107.0	0.0	
2241.0	0.0	
2073.1	1944.6	
2003.3	0.0	
1979.0	0.0	
18219.5	0.0	
15781.0	7342.3	
2296.8	0.0	
2126.1	511.0	
2338.9	0.0	
17430.9	9568.5	
2192.0	0.0	
1954.3	0.0	
2268.3	215.4	
2495.1	4.0	
2328.5	2961.1	
2263.1	64.1	
2033.3	0.0	
2009.0	0.0	
3070.1	5.4	
1950.3	2.0	
2326.8	0.0	
2016.9	58.4	
2916.2	0.0	
2088.0	0.0	
1984.3	0.0	
12937.3	137.8	
2143.3	0.0	
18630.6	158.8	
1935.3	0.0	
10328.3	590.9	
2384.1	1.5	
16248.2	21.9	
2014.3	0.0	
2172.6	0.0	
1910.6	0.0	
2305.8	437.2	
2216.3	111.5	
1923.2	0.0	
2354.9	78.5	
15884.1	17607.1	
1965.3	0.0	
2123.6	0.0	
18448.5	102.7	
16389.3	161.4	
2263.8	78.5	
2165.7	0.0	
2714.2	0.0	
18102.7	168.2	
17997.6	647.1	
2202.6	0.0	
2885.1	0.0	
1940.6	0.0	
2336.6	0.0	
2154.7	155.9	
5157.0	334.6	
2373.5	0.0	
2046.8	1978.3	
1953.8	60.0	
2929.4	0.1	
1891.6	0.0	
3531.0	0.0	
2195.7	0.0	
13101.6	17930.4	
18644.1	0.0	
2018.1	53.1	
2891.4	0.0	
1970.6	0.0	
2481.6	2690.5	
2799.5	0.0	
18242.0	73.1	
2141.5	0.0	
2682.9	1778.9	
2489.6	155.9	
18183.7	0.0	
2579.6	0.0	
2317.6	0.0	
1921.6	0.0	
2092.5	0.0	
2463.3	34.8	
1976.9	0.0	
2525.4	0.0	
1981.3	54.3	
3341.1	0.0	
2263.4	0.0	
2134.6	0.0	
18357.0	0.0	
2147.8	0.0	
2567.5	0.0	
2701.5	0.0	
2636.0	7.1	
2126.5	873.9	
1927.9	0.0	
18188.6	147.0	
15865.7	4525.3	
18485.2	88.1	
2360.8	0.0	
2909.3	0.0	
2780.5	0.0	
17513.1	8973.3	
2518.5	0.0	
2018.8	0.0	
2006.9	0.0	
18314.1	0.0	
17403.0	201.4	
2414.4	85.2	
2689.4	0.0	
4933.4	227.0	
2902.4	0.0	
1939.0	0.0	
1957.9	0.0	
1946.4	53.3	
18138.4	116.1	
3073.3	0.0	
1890.0	0.0	
2732.1	234.6	
2562.4	16.0	
2046.5	42.2	
2207.8	0.0	
2890.3	0.0	
3369.4	1.0	
1987.9	0.0	
2138.7	59.4	
18252.7	174.9	
3272.7	0.0	
1930.6	26.9	
2477.2	32.5	
2158.8	0.0	
2320.2	60.6	
2668.6	1172.7	
17176.0	3294.9	
2260.7	9.4	
2730.1	149.4	
1987.2	0.0	
17972.3	348.5	
10904.8	1145.2	
2188.8	0.0	
2477.3	2759.3	
2778.2	0.0	
17196.9	3518.1	
2120.2	0.0	
2900.7	2292.4	
9357.3	0.0	
2017.2	0.0	
2047.5	1737.2	
2017.2	0.5	
2729.2	0.0	
12254.3	66.0	
2308.4	3946.0	
1955.6	0.0	
3217.9	0.0	
2433.2	968.4	
1968.2	0.0	
17263.7	9740.6	
2675.0	0.0	
2546.2	0.0	
2150.2	0.0	
2284.2	0.0	
2583.1	0.0	
1901.4	0.0	
2321.1	0.0	
2047.2	0.0	
2888.0	0.0	
1943.5	0.0	
12034.4	4847.2	
18550.7	50.1	
12564.5	1.1	
1922.2	5.5	
1985.6	0.0	
2022.5	0.0	
1998.2	0.0	
2180.2	0.0	
1983.5	890.6	
18747.2	0.0	
2193.4	0.0	
2747.1	0.0	
18603.9	0.0	
9085.0	0.0	
1973.5	0.0	
2527.2	0.0	
17804.1	1270.5	
2216.7	5487.2	
2973.8	0.0	
2540.4	0.0	
2144.4	0.0	
2564.1	0.0	
2959.7	8.6	
2448.5	0.0	
1924.5	0.0	
18777.2	0.0	
17963.7	112.6	
1961.4	0.0	
2040.6	178.0	
2095.4	0.0	
3228.9	0.0	
2528.3	0.0	
2003.5	0.0	
3082.0	0.0	
2137.5	0.0	
1899.8	0.0	
18594.2	0.0	
18069.1	10.8	
2165.9	7.4	
15828.2	236.4	
17445.8	1402.2	
2307.6	2168.1	
18338.3	0.0	
4371.6	13228.0	
3161.0	0.0	
1978.8	0.0	
2022.6	64.4	
2083.3	0.0	
2232.0	7.4	
2167.5	0.0	
1928.2	26.9	
1929.8	0.0	
2600.4	0.0	
2086.5	192.6	
1942.4	0.0	
2739.7	1508.8	
17862.0	1372.1	
2812.7	0.0	
2375.3	0.0	
2191.2	148.5	
1984.5	0.0	
15622.7	7875.1	
3487.5	98.6	
2722.3	0.0	
1959.8	0.0	
3062.6	0.0	
18091.9	104.7	
2475.0	7.4	
2517.1	119.3	
2823.3	4155.1	
17269.4	2113.6	
3409.6	0.0	
1910.8	0.0	
2044.8	0.0	
2209.0	9.4	
3184.5	0.0	
16782.4	36.7	
2568.6	0.0	
2528.7	6081.0	
1898.7	0.0	
3951.2	0.0	
2610.7	0.0	
1910.1	0.0	
2937.5	39.7	
2702.9	0.0	
2860.6	0.0	
9388.6	633.5	
2165.2	0.0	
1961.9	2.0	
2611.8	0.0	
1940.1	0.0	
2653.9	0.0	
3381.2	291.4	
2507.0	0.0	
2297.1	69.7	
3220.8	0.0	
2415.1	0.0	
2153.1	0.0	
1891.1	0.0	
3153.4	0.0	
12642.3	698.9	
1946.9	0.0	
18564.5	0.0	
2445.7	163.2	
2628.1	0.0	
2281.7	4106.8	
17580.3	0.0	
2817.9	0.0	
2537.0	0.0	
2159.9	0.0	
2141.0	0.0	
16862.4	292.2	
2275.0	0.0	
3250.8	0.0	
3167.8	231.5	
1936.4	109.6	
2183.1	0.0	
1921.1	0.0	
2896.9	0.0	
17721.4	1418.3	
2372.9	0.0	
2092.0	0.0	
2236.6	3717.5	
3657.9	98.0	
1976.4	0.0	
2396.1	0.0	
3209.9	1399.5	
2134.1	0.0	
2695.4	303.4	
2147.3	0.0	
2585.9	0.0	
1995.1	58.4	
1909.0	0.0	
2295.5	9006.7	
1922.2	60.0	
2089.6	64.1	
18149.8	360.3	
2540.6	60.1	
2122.0	0.0	
2018.3	0.0	
2006.4	0.0	
14448.4	0.0	
3034.5	30.7	
17092.0	3270.5	
4551.8	98.1	
2128.3	0.0	
2290.5	64.1	
1970.5	696.5	
1932.7	0.0	
2839.1	248.2	
2442.2	180.9	
2207.3	0.0	
17896.4	873.4	
14993.9	6.1	
2065.7	0.0	
2158.3	0.0	
2236.6	0.0	
1962.7	0.0	
17775.0	2586.6	
2278.7	0.0	
2711.6	0.0	
3132.1	0.0	
2095.7	0.0	
3482.8	54.9	
2004.6	0.0	
18272.8	0.0	
18695.4	204.2	
2066.9	88.4	
3253.2	0.0	
2308.7	0.0	
2939.7	419.6	
18571.0	13.1	
2875.6	0.0	
2153.9	320.8	
1976.9	2.0	
18045.2	361.9	
1943.7	0.0	
2388.5	0.0	
2092.6	5.5	
17861.3	55.3	
2503.6	224.3	
1876.9	0.0	
18620.7	73.3	
2034.6	0.0	
3546.0	0.0	
2089.9	0.0	
2223.9	0.0	
1943.0	0.0	
2260.8	0.0	
2663.0	4.1	
2302.9	0.0	
1906.9	0.0	
17752.7	1421.9	
2040.9	0.0	
2022.0	0.0	
2156.0	0.0	
2471.0	570.3	
3361.1	0.4	
2211.8	0.0	
2631.5	0.0	
18313.8	111.3	
1991.9	0.0	
1973.0	0.0	
3538.7	0.0	
2324.6	1721.8	
17898.7	125.0	
2070.9	0.0	
1924.0	0.0	
1973.9	91.7	
2241.8	0.0	
2626.1	504.5	
1887.9	0.0	
2021.9	0.0	
1899.3	0.0	
15600.1	0.0	
1946.3	160.9	
2454.8	0.0	
2058.8	0.0	
18520.7	0.0	
2220.0	252.2	
2100.9	0.0	
2216.0	0.0	
1978.3	0.0	
1954.0	0.0	
2249.6	7.4	
2039.0	1074.6	
1914.5	13.6	
15155.1	0.5	
2405.8	0.0	
1887.2	0.0	
18535.4	0.0	
2158.5	7.4	
2599.2	0.0	
18118.0	96.5	
1929.3	0.0	
2195.4	7.4	
2484.8	0.0	
2678.2	0.0	
2812.2	0.0	
2416.2	0.0	
1984.0	0.0	
2408.4	7.4	
9168.6	1.0	
17452.5	6102.7	
2913.6	2186.5	
1917.2	0.0	
2293.2	51.0	
2367.2	0.0	
1959.3	0.0	
3062.1	0.0	
2077.5	1278.8	
3513.9	0.0	
3104.2	0.0	
2842.2	0.0	
2971.0	0.0	
2026.5	0.0	
1934.6	0.0	
1910.3	0.0	
2068.6	0.0	
2197.4	0.0	
2187.7	1432.9	
3464.9	0.0	
2239.5	0.0	
13142.5	50.5	
12637.5	39.8	
2830.1	0.0	
2193.4	2.0	
17831.0	833.1	
2019.6	0.0	
1898.2	0.0	
2032.2	0.0	
2322.8	195.8	
8809.8	182.6	
2227.4	0.0	
2623.4	0.0	
2112.1	1349.4	
3232.9	0.0	
2007.5	0.0	
2311.6	0.0	
1915.6	0.0	
2086.5	0.0	
1982.8	0.0	
18144.1	0.0	
2391.4	0.0	
2000.6	0.0	
2299.5	0.0	
3378.0	0.0	
2433.5	0.0	
2037.5	0.0	
18152.0	44.4	
2470.4	0.0	
2813.3	2046.1	
3024.1	0.0	
1946.4	0.0	
2660.0	888.0	
2842.6	0.1	
2012.8	0.0	
1988.5	0.0	
1896.6	0.0	
2159.4	0.0	
1889.5	1189.0	
2988.3	0.0	
2067.5	0.0	
1963.8	0.0	
2896.4	0.0	
2634.4	0.0	
2238.4	0.0	
2227.9	807.0	
2974.7	0.0	
2036.0	74.3	
2042.8	0.0	
13499.8	4664.7	
2305.6	84.2	
19123.9	0.0	
2836.4	230.3	
18465.9	0.0	
2925.7	0.0	
2208.2	302.4	
1993.8	0.0	
18298.1	468.8	
2173.6	206.6	
17743.7	0.0	
18246.7	174.9	
3400.7	0.0	
16749.4	90.2	
1941.2	109.6	
18352.7	0.0	
1944.8	0.0	
17744.0	1368.6	
1973.9	1.5	
2085.3	9.4	
4425.0	0.0	
2272.3	8.5	
2023.8	0.0	
3126.6	0.0	
2272.4	23.6	
1934.3	109.6	
3168.7	0.0	
3302.7	0.0	
2027.4	7.4	
16732.7	585.1	
1932.2	0.0	
13649.0	1637.3	
2248.2	0.0	
2285.1	0.0	
2579.0	0.1	
1922.2	109.6	
2590.0	0.0	
14154.3	47.7	
1974.1	0.0	
1962.2	0.0	
3632.4	0.0	
18312.6	0.0	
1977.1	5.5	
2407.0	0.0	
18596.2	62.6	
14176.4	2920.1	
2507.5	31.7	
2711.1	0.0	
2366.1	2.0	
2900.9	0.0	
15420.8	9533.0	
2004.1	0.0	
3662.4	0.0	
2717.9	0.0	
2308.2	0.0	
1888.5	0.0	
9625.1	238.5	
8054.6	19183.6	
2613.1	0.0	
18078.3	952.1	
2210.4	3091.6	
2534.9	0.0	
2650.0	0.0	
2101.5	0.0	
2784.0	0.0	
2388.0	0.0	
3101.8	0.0	
18912.2	52.6	
18302.3	0.0	
2460.1	84.8	
18246.5	59.8	
1918.5	0.0	
2467.0	0.0	
2076.2	0.0	
18247.2	0.0	
2700.8	531.7	
2381.1	0.0	
18786.4	0.0	
2449.4	2.8	
18429.4	46.2	
2260.3	0.0	
2414.7	7.4	
2289.2	0.0	
18300.9	104.4	
1906.4	0.0	
2503.7	0.1	
2040.4	0.0	
2077.3	0.0	
2211.3	0.0	
4680.1	0.0	
2119.4	0.0	
2845.5	0.1	
4733.4	138.9	
2378.3	89.3	
1991.4	0.0	
18487.3	107.9	
3276.2	0.0	
2686.3	0.0	
1899.5	0.0	
2502.6	0.0	
1966.7	0.0	
1874.8	0.0	
2492.2	100.7	
17542.3	1611.6	
18441.2	0.0	
18169.4	44.0	
1887.4	0.0	
2045.7	0.0	
2484.7	0.1	
2021.4	0.0	
2005.5	22.5	
2495.7	0.0	
2058.3	0.0	
17951.1	1996.0	
2869.7	11.4	
2192.3	0.0	
2532.6	0.0	
3139.2	8.0	
2068.9	2128.3	
1996.7	0.0	
17877.9	135.4	
2089.2	109.6	
17488.6	1154.7	
16759.0	55.8	
18189.7	3.8	
2345.6	2264.8	
2371.1	37.6	
2391.7	0.0	
1947.7	0.0	
2916.5	0.0	
2129.7	0.0	
2484.3	0.0	
17530.6	2043.8	
2958.6	0.0	
2552.4	27.8	
2080.7	0.0	
2119.0	43.0	
2596.1	59.7	
2555.7	0.0	
2293.7	0.0	
2306.9	0.0	
2464.6	0.0	
2343.8	0.0	
2068.1	0.0	
2428.1	2.8	
17693.0	57.3	
2011.7	252.2	
2556.8	0.0	
2714.5	0.0	
2294.8	0.0	
2281.1	0.0	
1885.1	0.0	
2019.1	0.0	
18772.1	0.0	
2202.9	0.0	
14292.4	12778.3	
1940.9	0.5	
2452.0	0.0	
2056.0	0.0	
17935.5	106.9	
2373.8	0.0	
2656.3	54.4	
2415.9	0.0	
16545.3	21450.6	
1957.3	64.3	
2115.6	64.8	
1891.9	0.0	
1873.0	0.0	
2507.7	8637.4	
2007.0	0.0	
3140.5	0.0	
1915.1	0.0	
1970.9	0.0	
2086.0	0.0	
17621.0	287.7	
2812.1	0.1	
4665.1	0.0	
18530.8	0.0	
3353.5	0.0	
2537.8	0.0	
15990.0	72952.8	
18198.5	0.0	
3128.4	0.0	
2183.9	0.0	
2299.0	0.0	
1921.9	0.0	
2037.0	0.0	
3433.3	0.0	
2092.8	0.0	
2512.0	0.0	
2134.9	0.0	
2012.3	0.0	
1988.0	0.0	
1966.2	90.2	
15451.1	0.0	
2701.8	0.0	
2305.8	0.0	
2250.1	3.0	
2067.0	0.0	
1963.3	0.0	
2964.0	0.1	
2573.2	0.1	
2122.3	0.0	
16887.4	12475.0	
4725.1	0.0	
2629.2	2.0	
2042.3	0.0	
5182.0	410.0	
3098.3	71.9	
3321.2	0.0	
2222.6	3179.0	
2482.5	5449.3	
17676.6	961.2	
17722.1	2555.4	
16307.9	161.5	
18353.0	7.4	
2193.7	0.0	
17532.9	34.7	
1902.2	0.0	
1968.6	0.0	
2013.1	9.0	
1944.3	0.0	
2102.6	0.0	
2184.0	190.6	
2443.9	2626.9	
2214.3	84.2	
2406.7	0.0	
17790.7	1411.1	
2144.7	0.0	
17391.4	1899.2	
2023.3	0.0	
15313.3	1120.1	
3297.0	0.0	
2644.2	0.0	
18260.7	85.4	
2394.6	0.0	
2683.3	0.1	
2595.3	82.7	
2303.5	0.0	
2857.2	0.0	
17712.5	6559.4	
1949.6	0.0	
3070.2	0.0	
3765.1	0.0	
3503.1	0.0	
1941.0	59.7	
2296.6	0.0	
1900.6	0.0	
17510.8	0.0	
2136.8	57.6	
1955.9	0.0	
1979.6	0.0	
2375.6	0.0	
2113.6	0.0	
18860.0	0.0	
2664.3	0.1	
2016.7	11.8	
2675.3	0.0	
2126.8	0.0	
2675.9	4.1	
2173.5	1428.6	
18124.8	51.0	
2205.8	0.0	
2497.5	0.0	
4155.8	0.0	
1985.9	0.0	
2668.4	0.0	
12983.9	50.3	
3101.3	0.0	
2576.5	0.0	
17770.7	2660.7	
2747.4	0.0	
1918.0	0.0	
17237.3	7189.1	
17966.8	0.0	
18183.0	0.0	
2107.8	0.0	
2027.8	0.0	
2015.9	0.0	
2186.8	0.0	
2466.8	78.7	
17321.8	612.3	
2043.2	6.1	
18417.7	4.2	
2113.2	430.4	
2533.2	0.1	
2648.9	70.6	
3502.1	1.2	
1966.2	0.0	
2544.2	0.0	
2167.8	0.0	
2045.2	0.0	
2796.1	1847.2	
2099.2	0.0	
18704.3	21.9	
16110.9	11.9	
1954.1	60.0	
2270.1	0.0	
2710.9	0.1	
2653.7	483.8	
18212.6	0.0	
2551.4	1592.2	
1996.2	0.0	
2574.2	0.0	
2312.2	0.0	
2201.7	359.3	
2104.9	56.9	
18295.5	1.0	
16821.5	20383.5	
2916.0	0.0	
2391.2	0.0	
1947.2	0.0	
3367.8	0.0	
2662.1	3368.8	
17971.1	20.4	
18172.3	0.0	
3409.9	0.0	
18575.1	279.2	
2026.2	0.0	
3696.4	0.0	
2178.1	191.6	
17682.6	53.3	
2342.2	0.0	
9295.0	886.4	
1922.5	0.0	
1964.6	0.0	
2189.4	462.0	
2964.9	0.0	
4910.9	1617.5	
1977.2	0.0	
2293.2	0.0	
2043.6	0.0	
1910.4	0.0	
2330.1	0.0	
1959.0	1225.9	
3177.9	0.0	
2763.0	0.0	
1952.5	0.0	
2281.3	242.1	
1989.4	0.0	
2519.4	0.0	
1994.6	0.0	
2007.2	0.0	
2165.5	0.0	
2848.0	0.0	
1904.1	267.2	
2373.3	0.0	
2507.3	0.0	
1982.5	0.0	
2111.3	0.0	
18356.4	29.6	
1959.5	40.2	
1891.4	0.0	
2719.5	707.8	
3140.0	0.0	
2195.5	0.0	
2324.3	0.0	
1957.8	0.0	
1933.5	0.0	
2062.3	0.0	
1970.4	0.0	
9299.4	0.0	
2129.5	129.2	
2141.3	0.0	
2275.3	0.0	
1908.8	0.0	
18302.6	40.0	
18337.9	303.5	
2317.4	0.0	
1921.4	0.0	
18331.9	0.0	
2791.7	0.0	
2395.7	0.0	
1963.5	0.0	
8013.5	34.3	
14630.9	5147.1	
1896.7	0.0	
2030.7	0.0	
2305.3	0.0	
2221.2	110.7	
1938.8	0.0	
2506.6	0.1	
2779.6	0.0	
18389.8	0.0	
3494.4	4493.6	
2642.3	386.9	
8257.8	54.9	
2361.5	106.3	
2989.1	330.2	
18127.9	964.0	
1926.7	0.0	
2218.0	136.9	
2890.5	0.1	
4108.0	0.0	
2494.0	0.1	
3754.1	0.0	
2011.7	0.0	
3757.8	22.5	
1919.8	0.0	
2305.0	166.2	
1968.1	0.0	
2102.1	0.0	
18513.5	0.0	
2397.2	31.7	
2646.1	7.1	
2181.1	0.0	
2315.1	0.0	
1919.1	0.0	
10112.7	0.0	
16135.9	77022.0	
2790.6	0.0	
7239.0	65.9	
2090.0	0.0	
2039.8	0.9	
2803.8	0.0	
16877.6	6973.2	
1998.1	0.0	
16523.1	71888.9	
17608.3	0.0	
3847.9	87.9	
2294.5	7.4	
3003.6	0.0	
2565.0	0.0	
8208.0	0.0	
2581.2	71.8	
15215.4	74251.6	
2345.1	0.0	
1949.1	0.0	
2083.1	0.0	
2662.9	0.0	
2196.1	493.9	
17546.9	54.1	
3095.8	0.0	
16612.6	72528.5	
2162.1	0.0	
17508.2	2169.1	
1900.1	0.0	
2479.9	0.0	
2217.9	0.0	
2351.9	0.0	
18241.2	0.0	
2257.1	8.5	
1890.7	109.6	
1955.4	0.0	
1979.1	0.0	
2251.2	118.6	
1915.3	13.6	
2126.3	0.0	
2546.0	0.0	
2150.0	0.0	
2284.0	0.0	
1888.0	0.0	
2615.1	42.3	
2101.0	0.0	
3076.8	0.0	
2814.8	0.0	
1985.4	0.0	
2143.1	0.0	
2156.3	0.0	
18618.2	0.0	
3012.2	12.3	
2146.3	109.6	
2989.0	1290.1	
2107.3	0.0	
2027.3	0.0	
2015.4	0.0	
2999.0	224.5	
1911.7	0.0	
2093.7	0.0	
6037.0	0.0	
15733.8	1489.2	
18242.9	0.0	
2643.0	115.9	
2137.3	0.0	
2215.6	0.0	
15839.5	253.6	
1941.7	0.0	
2519.7	0.0	
2940.2	0.0	
18161.0	311.1	
2290.6	295.0	
18214.9	107.9	
2732.7	0.0	
1892.7	0.0	
3019.2	0.0	
2599.5	0.0	
16384.8	35.0	
3153.2	0.0	
2074.7	0.0	
2641.6	0.0	
2245.6	0.0	
1983.6	0.0	
1971.7	0.0	
18084.4	311.3	
2022.1	109.6	
3366.2	0.0	
10725.2	0.0	
2038.9	0.0	
2458.6	0.0	
2592.6	0.0	
2196.6	0.0	
1922.7	0.0	
3154.3	0.0	
2500.7	0.0	
3062.4	0.0	
2251.9	0.0	
2275.6	0.0	
3354.1	0.0	
2409.6	0.0	
2580.5	0.0	
2055.7	0.0	
2645.8	274.0	
2068.9	0.0	
2622.6	0.0	
2226.6	0.0	
18494.8	0.0	
2397.5	0.0	
2546.2	7.4	
1885.9	0.0	
2019.9	0.0	
4120.4	0.0	
17979.5	0.0	
2452.8	0.0	
2056.8	0.0	
2043.1	0.0	
1952.0	0.0	
2156.9	2092.4	
2823.5	0.0	
15751.8	64831.1	
2049.9	0.0	
2165.0	0.0	
4012.0	912.1	
3427.3	0.0	
2482.8	0.0	
2086.8	0.0	
10565.7	0.0	
3036.5	0.0	
2220.8	0.0	
14817.6	845.9	
3373.6	497.9	
2000.9	0.0	
1982.0	0.0	
11305.9	35485.4	
2695.8	0.0	
2195.0	0.0	
2932.4	121.3	
1874.3	2.0	
18442.1	153.2	
2292.9	0.0	
15516.5	0.0	
1908.3	0.0	
2067.8	0.0	
2413.2	10257.5	
2352.8	84.6	
2312.3	4.1	
1963.0	0.0	
1896.2	0.0	
2030.2	0.0	
1938.3	0.0	
2750.3	311.3	
2319.8	76.0	
2971.8	2.0	
2687.2	0.0	
2005.5	0.0	
2425.2	0.0	
18424.8	344.4	
2740.1	69.7	
3254.1	0.0	
1889.3	0.0	
2047.6	0.0	
18397.6	61.0	
1926.2	0.0	
17483.8	5263.1	
3047.9	0.0	
3504.6	67.5	
2159.2	2.0	
2547.1	0.0	
2395.4	12354.5	
2043.6	2.0	
18419.3	0.0	
8930.4	1.0	
2035.5	0.0	
2589.2	0.0	
2193.2	0.0	
1919.3	0.0	
11174.6	3102.9	
2802.2	0.0	
3545.1	593.6	
1986.5	0.0	
1894.6	0.0	
2028.6	0.0	
2157.0	60.3	
2199.5	0.0	
1961.8	0.0	
3713.7	47.6	
17186.4	13847.2	
2068.4	187.0	
3052.1	0.0	
2236.4	0.0	
2107.6	0.0	
2168.1	65.4	
1974.4	0.0	
2669.3	0.0	
2478.3	2667.8	
2832.2	0.0	
2016.5	0.0	
1945.8	315.1	
1939.9	109.6	
15846.9	69.9	
2744.6	3233.9	
2690.4	195.7	
2058.6	0.0	
2583.4	0.0	
1991.8	0.0	
1967.5	0.0	
18271.7	0.0	
18712.6	20.7	
2662.4	0.0	
4922.8	3387.7	
2004.4	0.0	
16000.9	545.2	
15063.0	0.0	
2046.5	0.0	
2180.5	0.0	
1942.8	0.0	
2088.6	0.0	
16565.3	0.0	
2101.8	0.0	
2021.8	0.0	
2183.0	4.4	
2034.4	0.0	
2564.4	0.0	
3166.7	0.0	
12921.8	4800.9	
2462.5	317.2	
2806.1	0.9	
1972.8	0.0	
2579.7	8070.7	
18366.6	52.6	
14108.7	208.6	
2789.9	335.2	
16841.9	0.0	
2247.4	0.0	
2099.3	42.2	
2814.3	0.0	
1923.8	0.0	
17304.2	3614.6	
2631.3	0.0	
2002.8	0.0	
15753.9	72.7	
17950.4	0.0	
2395.3	89.1	
14270.8	112.3	
2885.7	0.0	
10132.8	365.4	
2076.7	66.8	
17464.2	1950.9	
2104.9	64.1	
2836.7	0.0	
17045.2	0.0	
18270.1	22.5	
9939.8	0.0	
1939.4	162.1	
2915.7	0.0	
5955.9	0.0	
2215.1	0.0	
1941.2	0.5	
1941.2	0.0	
2257.2	0.0	
2314.7	87.4	
3099.8	0.0	
2428.1	0.0	
8905.1	55.3	
2745.9	0.0	
2074.2	0.0	
2208.2	0.0	
18302.3	58.1	
18465.6	20.6	
1983.1	0.0	
1971.2	0.0	
2696.9	0.0	
2592.1	0.0	
2196.1	0.0	
18044.7	12.7	
2891.0	0.0	
2233.0	525.7	
2238.2	0.0	
3342.8	0.0	
2290.4	109.6	
2798.5	413.8	
16495.5	389.5	
2013.1	0.0	
2726.9	0.0	
2446.0	0.0	
2055.2	0.0	
3555.8	0.0	
2068.4	0.0	
2226.1	0.0	
2169.3	212.8	
2966.5	5778.6	
15049.6	0.0	
1885.4	0.0	
2019.4	0.0	
3152.9	0.0	
2718.9	2926.0	
2117.4	2016.4	
1927.5	0.0	
2056.3	0.0	
2872.0	0.0	
2190.3	0.0	
18096.7	41.0	
17921.2	34.7	
7082.3	92.2	
7087.1	261.0	
2036.7	130.3	
2269.3	0.0	
9031.0	1.0	
2823.0	0.0	
1878.5	0.0	
4388.7	0.0	
2515.8	3900.7	
2049.4	0.0	
16097.8	73600.4	
3468.2	0.0	
18222.2	377.7	
16872.8	0.0	
2529.5	778.6	
2611.6	2.0	
2024.7	0.0	
2000.4	0.0	
15470.2	7.5	
2078.7	0.0	
1908.5	0.0	
2171.3	0.0	
2825.2	27.1	
2045.7	59.0	
17001.5	10130.5	
2079.4	0.0	
17889.4	638.6	
1883.8	0.0	
18334.8	0.0	
4236.0	0.0	
2766.7	0.0	
2504.7	0.0	
2108.7	0.0	
2214.6	8.7	
2067.3	0.0	
2201.3	0.0	
3066.4	0.0	
2005.7	0.0	
2410.7	157.4	
18271.0	12.7	
1978.3	301.9	
2321.7	0.0	
2059.7	0.0	
18484.3	412.0	
2585.7	1278.0	
2888.6	0.0	
2492.6	0.0	
2925.5	0.0	
2796.7	0.0	
1956.7	0.0	
13731.5	962.1	
3492.4	0.0	
2967.6	0.0	
17615.9	3044.3	
1889.9	0.0	
2705.6	0.0	
2443.6	0.0	
2411.8	157.4	
18267.6	503.0	
2035.7	0.0	
2344.3	1762.4	
15893.0	0.0	
2876.5	0.0	
2351.7	0.0	
2047.1	0.0	
2874.4	72.0	
2522.6	0.0	
2102.9	0.0	
2656.6	0.0	
2527.6	78.5	
18132.8	0.0	
18633.1	8.0	
2564.7	0.0	
2181.9	0.0	
16631.5	23621.1	
1919.9	0.0	
2035.0	0.0	
1969.1	696.5	
2486.8	0.0	
2077.1	0.0	
10196.4	5.0	
2154.3	22.5	
2480.4	10.5	
18488.5	0.0	
1986.0	0.0	
1909.4	109.6	
3119.5	0.0	
1894.1	0.0	
2028.1	0.0	
1949.9	0.0	
2065.0	0.0	
2083.9	0.0	
2199.0	0.0	
18439.5	0.0	
2236.1	90.3	
2382.8	0.0	
2699.2	0.1	
2254.8	0.0	
18582.7	0.0	
2065.9	821.2	
5318.2	0.0	
2016.0	0.0	
2632.0	3.0	
11003.2	817.2	
2071.8	0.0	
2582.9	224.3	
2058.1	0.0	
2021.2	332.8	
2113.9	0.0	
1875.4	23.2	
1991.3	0.0	
1967.0	0.0	
2174.4	9.4	
1875.1	0.0	
3151.3	56.3	
17236.2	25.1	
2433.5	7.4	
2046.0	0.0	
1949.9	25.1	
2180.0	0.0	
3704.3	0.0	
1942.3	0.0	
2413.1	4156.1	
2088.1	0.0	
3087.2	0.0	
2691.2	0.0	
2663.7	128.8	
2608.2	2.0	
2021.3	0.0	
18134.8	47.6	
3562.7	0.0	
2292.6	7.4	
2710.8	0.0	
2004.9	58.4	
2223.3	111.5	
18444.4	0.0	
1972.3	0.0	
3828.5	328.1	
17467.4	1647.9	
14992.3	0.0	
2619.1	0.1	
1947.6	0.0	
1923.3	0.0	
16658.4	0.0	
2067.9	42.2	
2306.4	4.0	
5513.3	0.0	
13318.4	4426.8	
2073.9	98.1	
2002.3	0.0	
2160.6	0.0	
2697.0	335.8	
1898.6	0.0	
2202.7	0.0	
1985.4	2726.8	
2373.6	0.0	
1977.6	0.0	
2111.6	0.0	
10813.7	5226.6	
1990.2	0.0	
2181.3	51.9	
2153.7	0.0	
2836.2	0.0	
17669.1	61.0	
15521.7	72676.1	
2715.4	0.0	
1928.6	0.0	
1974.4	2.0	
11641.9	5483.1	
2495.5	0.0	
2099.5	0.0	
3344.6	17.4	
2532.4	0.0	
3086.1	0.0	
2141.6	0.0	
2193.2	27.6	
1879.6	0.0	
2574.5	0.0	
18632.1	0.0	
3970.8	0.0	
2304.5	272.3	
1934.9	0.0	
1958.6	0.0	
2092.6	0.0	
12295.4	49.5	
18670.0	228.0	
2129.5	0.0	
5653.1	0.0	
2013.9	0.0	
3512.1	0.0	
2171.6	0.0	
1969.2	51.8	
3129.3	0.0	
2867.3	0.0	
17860.0	42.3	
2476.5	0.0	
2080.5	0.0	
2351.6	577.7	
17895.6	363.9	
1964.9	0.0	
2576.7	604.6	
2251.4	0.0	
2163.8	6.6	
3080.3	0.0	
2293.5	0.0	
18085.9	57.9	
1897.0	0.0	
2464.4	0.0	
11404.6	98.0	
18820.0	0.0	
2214.8	0.0	
6199.5	0.0	
7595.8	0.0	
13904.4	36796.2	
2175.5	4135.4	
2006.8	0.0	
1994.9	0.0	
2732.4	515.9	
16708.3	0.0	
1927.0	0.0	
2339.0	7.4	
3755.5	0.0	
2089.4	7.4	
2927.3	0.0	
2116.8	0.0	
17011.5	2958.7	
3797.6	0.0	
2036.8	0.0	
16427.7	70121.6	
3352.6	0.0	
2127.2	0.0	
14982.2	68121.7	
1965.8	793.6	
2872.9	0.1	
2024.2	0.0	
2213.0	111.5	
2340.2	0.0	
2078.2	0.0	
1975.2	0.0	
2553.2	0.0	
2157.2	0.0	
2158.3	9.4	
2590.1	0.0	
14233.0	5.0	
2735.8	314.9	
2414.2	155.9	
2108.2	0.0	
2092.8	18.1	
2279.1	0.0	
2187.6	9.9	
2974.0	0.0	
2005.2	0.0	
2095.7	9.4	
2321.2	0.0	
3559.8	0.0	
2754.1	0.0	
11671.6	0.0	
1980.5	0.0	
1956.2	0.0	
4495.9	0.0	
2114.5	0.0	
2138.2	0.0	
2272.2	0.0	
2022.6	0.0	
2035.2	0.0	
2197.6	155.6	
2193.5	0.0	
2742.0	0.0	
17457.2	2645.0	
2352.6	129.2	
1968.4	0.0	
18174.5	24.6	
11612.0	237.5	
2799.3	179.7	
2406.5	0.0	
2010.5	0.0	
2564.2	0.0	
2144.5	0.0	
7653.5	0.0	
2577.4	0.0	
2181.4	0.0	
1919.4	0.0	
2223.5	0.0	
2095.4	1919.7	
2068.1	7.4	
2486.3	0.0	
2394.4	0.0	
2528.4	0.0	
18488.0	0.0	
11048.5	14888.6	
2174.5	0.0	
1936.8	0.0	
2345.4	0.0	
1949.4	0.0	
2083.4	0.0	
9328.0	8.8	
3764.2	0.0	
18375.3	0.0	
1991.5	0.0	
2120.3	0.0	
2254.3	0.0	
1900.4	0.0	
3581.2	0.0	
2036.7	1214.1	
17808.2	244.8	
2333.3	0.0	
2693.1	28.6	
2467.3	0.0	
1942.5	0.0	
2071.3	0.0	
18058.2	78.9	
1966.8	0.0	
1875.7	0.0	
2425.7	692.2	
2546.3	0.0	
2150.3	0.0	
1917.8	0.0	
2326.4	0.0	
2404.7	0.0	
3233.6	0.0	
18349.1	33.7	
2134.9	7.4	
1905.7	0.0	
2039.7	0.0	
3013.7	0.0	
2355.7	0.0	
1947.8	0.0	
2341.2	150.9	
2959.5	0.0	
4879.8	0.0	
1898.8	0.0	
3592.2	0.0	
3172.5	0.0	
14586.5	0.0	
2781.7	0.0	
1947.1	0.0	
1919.6	128.8	
2118.0	0.0	
2123.2	0.0	
2692.8	0.1	
2602.9	382.6	
2569.8	0.0	
2160.1	0.0	
1898.1	0.0	
17905.6	1637.7	
18030.1	1575.4	
2069.0	0.0	
2102.6	7.4	
13603.5	119.7	
1977.1	0.0	
17325.9	937.6	
17792.6	1420.8	
2428.9	0.0	
2544.0	0.0	
2282.0	0.0	
2586.1	0.0	
2245.9	0.0	
2495.0	0.0	
13085.2	24804.7	
1958.6	4558.4	
18040.3	79.8	
2690.2	4.1	
2178.0	0.0	
2196.9	0.0	
2426.1	217.9	
2050.0	0.0	
16766.0	5070.5	
3025.8	0.0	
2629.8	0.0	
1958.1	0.0	
2150.8	2.0	
2025.3	0.0	
2842.8	0.0	
17950.9	58.1	
1909.1	0.0	
15397.1	127.1	
4986.2	0.0	
2080.0	0.0	
12119.4	294.4	
1964.4	0.0	
2046.3	382.1	
2122.1	0.0	
2640.5	149.4	
2766.3	488.8	
2293.0	0.0	
15667.9	74176.8	
1978.7	109.6	
13535.5	252.1	
2063.4	7.6	
18283.5	34.7	
18245.5	950.3	
1890.7	0.0	
2427.3	0.0	
2206.7	0.0	
2165.3	0.0	
2198.9	7.4	
2584.9	273.1	
18341.7	98.9	
2036.3	0.0	
1920.7	0.0	
2498.7	0.0	
2102.7	0.0	
2669.6	0.0	
18145.3	19.6	
2711.7	0.0	
9294.0	0.0	
3523.0	0.0	
2053.7	0.0	
18135.2	625.9	
1962.6	0.0	
1950.7	0.0	
2657.5	0.0	
2853.0	93.6	
2414.9	454.0	
3211.2	0.0	
2266.7	0.0	
2395.5	0.0	
16468.7	25260.2	
2437.6	0.0	
7344.2	595.1	
2167.8	7.4	
2346.5	0.0	
7265.6	0.0	
2479.8	13.4	
2254.6	0.0	
2602.6	518.3	
4509.5	186.9	
1992.6	0.0	
2351.6	256.1	
1913.9	0.0	
3412.1	0.0	
2047.9	0.0	
2992.4	0.0	
2205.6	0.0	
2654.4	488.7	
2765.4	138.1	
3559.3	0.0	
2772.5	0.0	
18546.7	0.0	
4054.1	1022.9	
2943.4	0.0	
2418.6	0.0	
2728.9	12.1	
1998.9	0.0	
13774.7	22762.2	
5705.2	76.5	
1950.5	25.1	
3022.4	0.0	
2077.2	4403.9	
1931.0	0.0	
2193.8	64.5	
3968.5	6331.4	
2290.9	0.0	
2028.9	0.0	
2010.0	0.0	
13424.0	0.0	
2144.0	0.0	
16797.5	5882.1	
2065.8	0.0	
2275.8	10646.4	
17396.8	53.7	
1979.9	0.0	
1961.0	0.0	
17763.7	2233.5	
2278.8	0.0	
3357.3	0.0	
2595.2	0.1	
17597.9	0.0	
2058.9	0.0	
11915.6	228.0	
1912.0	0.0	
2491.8	0.0	
17890.5	0.0	
2203.0	64.1	
1914.6	13.6	
1991.0	0.0	
11854.6	312.1	
1887.3	0.0	
2442.8	0.0	
1924.2	0.0	
17965.7	92.9	
1966.3	0.0	
3903.7	0.0	
11468.0	4.1	
4879.3	6.3	
18251.2	3.8	
1875.2	0.0	
2443.0	0.1	
2849.2	0.0	
2299.3	66.7	
11500.2	0.0	
2113.4	29.2	
2142.2	0.0	
2081.1	65.4	
1905.2	0.0	
8069.2	66.4	
17842.6	114.7	
1947.3	0.0	
3545.9	0.6	
3184.1	0.0	
2619.4	155.9	
2959.0	0.0	
2014.5	0.0	
2172.2	0.0	
2251.1	384.1	
1922.6	0.0	
2056.6	0.0	
2739.1	0.0	
16283.5	594.0	
14889.4	0.0	
2093.5	0.0	
2227.5	0.0	
2522.9	42.3	
2139.7	1.5	
2385.2	0.0	
1968.5	5.5	
1873.6	0.0	
2007.6	0.0	
17483.8	0.0	
15102.4	0.0	
2306.5	0.0	
2440.5	0.0	
2044.5	0.0	
3702.8	0.0	
2891.3	99.4	
2577.1	382.6	
2391.5	0.0	
1995.5	0.0	
1989.6	115.9	
2920.5	3.3	
18315.1	0.0	
17145.8	11716.4	
2891.7	0.1	
2299.6	0.0	
2166.4	0.0	
2037.6	0.0	
2599.3	0.0	
2470.5	0.0	
17497.6	9247.7	
1970.8	0.0	
2019.1	49.6	
2416.3	0.0	
2025.5	0.0	
2067.6	0.0	
2369.0	87.4	
2080.8	0.0	
2238.5	0.0	
7219.5	300.8	
2000.8	0.0	
2568.6	0.1	
17220.5	5.5	
2409.4	0.0	
2013.4	0.0	
17949.8	257.9	
2008.5	1184.1	
9342.4	0.0	
2580.3	0.0	
2055.5	0.0	
2228.1	87.4	
1951.8	0.0	
17597.6	1325.9	
2622.4	0.0	
2226.4	0.0	
2110.8	0.0	
2619.1	1065.7	
2030.8	0.0	
2783.4	19411.7	
3438.5	0.0	
17035.3	654.6	
1981.8	0.0	
2738.6	733.1	
2062.0	511.0	
3651.5	0.0	
13212.9	612.8	
18332.7	496.4	
2206.2	0.0	
18108.9	62.8	
2681.7	0.0	
2011.8	0.0	
2694.9	0.0	
18311.2	22.7	
1977.1	2.0	
1920.2	0.0	
14769.3	0.0	
2102.2	0.0	
7661.3	125.2	
2273.1	0.0	
2407.1	0.0	
2011.1	0.0	
3428.7	43.9	
2462.9	0.0	
6025.7	8561.4	
2053.2	0.0	
16373.4	0.0	
1962.1	0.0	
1950.2	0.0	
2266.2	0.0	
17766.8	44.0	
2041.1	0.0	
2877.9	0.1	
2754.9	0.0	
17698.3	160.4	
2230.9	0.0	
2346.0	0.0	
2217.2	0.0	
3321.8	0.0	
3059.8	0.0	
2663.8	0.0	
2254.1	0.0	
1992.1	0.0	
1972.9	378.0	
2443.9	0.0	
1876.5	0.0	
2425.0	0.0	
2559.0	0.0	
2047.4	0.0	
2601.1	0.0	
2205.1	0.0	
2522.9	0.0	
2656.9	0.0	
2284.5	9.4	
2486.4	663.9	
18417.1	90.0	
2036.7	4614.8	
2890.2	13.1	
2260.4	0.0	
1998.4	0.0	
2455.4	9.9	
2045.2	2.7	
2869.9	0.0	
5366.4	0.0	
18759.2	0.0	
2193.0	0.0	
2380.0	12.3	
2589.0	0.0	
2251.6	358.4	
1970.0	70.9	
18273.0	277.5	
2077.4	0.0	
1980.8	43.0	
2948.9	0.0	
17870.7	5.3	
2248.3	0.0	
2110.6	3657.8	
2406.6	84.7	
1894.4	0.0	
2028.4	0.0	
17908.9	0.0	
2502.7	0.0	
2461.3	0.0	
2065.3	0.0	
2003.7	0.0	
15361.6	647.2	
4078.7	30.1	
2045.8	0.0	
2490.6	0.0	
16805.4	0.0	
2058.4	0.0	
2491.3	0.0	
1875.4	0.0	
2033.7	0.0	
2113.0	31.8	
3428.2	0.0	
12587.4	64.2	
2520.6	0.0	
2258.6	0.0	
15845.6	1231.7	
1984.7	0.0	
2562.7	0.0	
2300.7	0.0	
16013.6	61.0	
3129.6	0.0	
2471.6	0.0	
2095.9	43.0	
1935.7	0.0	
2513.7	0.0	
2217.4	6.5	
3311.4	802.5	
2130.9	0.0	
2014.7	0.0	
2330.7	0.0	
18261.5	221.6	
2081.9	0.0	
2176.0	7.4	
18507.8	0.0	
2125.9	55.1	
17989.8	143.7	
1965.7	0.0	
2543.7	0.0	
2295.5	6005.9	
7546.2	74.3	
2334.6	8.5	
2160.9	0.0	
1898.9	0.0	
2848.6	0.0	
2014.0	0.0	
2089.6	4.4	
18324.8	0.0	
2295.0	98.9	
2346.1	6.1	
2331.8	0.0	
2281.8	2606.8	
2885.5	0.0	
1922.1	0.0	
2756.7	0.0	
17639.8	1129.3	
2056.1	0.0	
2507.9	0.0	
2111.9	0.0	
2093.0	0.0	
2007.1	0.0	
17958.6	73.7	
2324.9	0.0	
1928.9	0.0	
2440.0	0.0	
2062.9	0.0	
2044.0	0.0	
18284.5	0.0	
18354.8	0.0	
3440.3	0.0	
2099.8	0.0	
2086.1	0.0	
6744.5	70.7	
2257.0	0.0	
1995.0	0.0	
3637.1	6.7	
2574.8	0.0	
2970.8	0.0	
2891.2	0.1	
2050.8	0.0	
2118.0	58.4	
2037.1	0.0	
2224.9	71.1	
3062.8	1464.1	
2074.0	0.0	
2092.9	0.0	
17530.2	1613.9	
17635.9	4879.4	
1970.3	0.5	
2525.8	0.0	
2129.8	0.0	
18259.4	0.0	
2567.9	0.0	
3334.4	0.4	
2025.0	0.0	
18509.2	1.4	
17866.2	34.7	
2238.0	0.0	
2000.3	0.0	
3010.5	2.7	
2076.9	4479.7	
7760.9	1853.2	
2055.0	0.0	
1951.3	0.0	
3054.1	0.0	
16870.3	2765.0	
2063.5	51.1	
2058.1	1469.5	
2268.0	0.0	
2030.3	0.0	
1926.6	0.0	
2044.7	403.1	
1939.2	0.0	
2706.7	1.2	
1981.3	0.0	
1917.5	13.6	
2181.7	0.0	
3559.1	0.0	
2481.4	0.0	
1956.6	0.0	
1969.2	0.0	
15069.2	2598.7	
2011.3	0.0	
2154.2	323.7	
2565.6	0.0	
2169.6	0.0	
1907.6	0.0	
3158.2	61.9	
2340.5	0.0	
7720.7	0.0	
2474.5	0.0	
2078.5	0.0	
2498.2	0.0	
18398.1	0.0	
2382.6	0.0	
2108.7	609.9	
2120.6	0.0	
9681.5	294.6	
2461.8	10809.2	
2291.5	0.0	
1937.6	0.0	
2034.7	1384.4	
2648.4	259.7	
2633.3	0.0	
2504.5	0.0	
2670.8	4.1	
15276.9	73948.1	
1888.6	0.0	
16378.5	68842.2	
2321.5	0.0	
2211.1	9.4	
18233.5	693.5	
2455.5	0.0	
2059.5	0.0	
2192.7	0.0	
3150.4	0.0	
2470.2	7.4	
17987.2	1440.1	
2492.4	0.0	
1967.6	0.0	
1943.9	0.0	
16012.8	74938.5	
2114.8	0.0	
2138.5	0.0	
2122.6	22.5	
2022.9	0.0	
17854.9	3016.2	
1876.0	0.0	
2193.8	0.0	
2196.1	7.4	
2677.4	1335.0	
2121.1	1.3	
16269.8	27.4	
1973.9	0.0	
2479.0	224.7	
2114.2	107.0	
2361.6	425.0	
2827.3	0.0	
2521.1	2831.4	
1906.0	0.0	
3605.7	0.0	
2104.8	37.4	
1975.3	109.6	
3148.9	88.5	
3040.3	0.0	
2095.8	0.0	
2015.8	0.0	
2003.9	0.0	
17147.4	7796.2	
15559.8	0.0	
2900.9	0.1	
17131.7	1094.3	
18636.7	0.0	
18402.6	0.0	
2106.2	0.0	
10383.6	57.8	
15481.4	1286.2	
2347.7	19.3	
6279.9	0.0	
2125.8	0.0	
16566.4	41.5	
17058.2	0.0	
2003.2	0.0	
2319.2	0.0	
17283.0	10.1	
2101.2	43.0	
13393.5	4426.5	
18334.4	0.0	
2398.2	0.0	
1954.2	0.0	
3099.6	0.0	
2136.2	0.0	
2379.0	46.4	
14617.6	16.1	
2033.2	0.0	
16612.6	10262.6	
2483.2	0.0	
18214.7	72.9	
2916.1	0.0	
2258.1	0.0	
3367.9	0.0	
1984.2	0.0	
2552.0	0.1	
4398.6	8.6	
2166.2	0.0	
2300.2	0.0	
2241.9	3325.9	
17154.8	256.4	
2208.2	230.4	
2504.7	7.4	
2904.0	0.0	
1935.2	0.0	
2251.2	0.0	
2001.6	0.0	
2288.1	0.0	
2026.1	0.0	
3946.4	0.0	
18846.6	3.0	
2721.0	0.0	
1910.5	0.0	
2206.7	64.1	
2081.4	0.0	
2501.1	0.0	
2120.7	178.2	
2360.1	109.9	
18130.3	13.0	
1965.2	0.0	
2543.2	0.0	
2319.6	696.5	
2123.5	0.0	
2410.0	0.0	
2031.6	0.0	
2160.4	0.0	
1898.4	0.0	
2331.3	0.0	
2202.5	0.0	
1940.5	0.0	
3524.8	63.1	
1977.4	0.0	
18137.2	369.0	
2275.4	108.0	
2153.5	0.0	
2282.3	0.0	
2010.7	54.1	
1915.8	0.0	
1891.5	0.0	
2324.4	0.0	
1928.4	0.0	
2757.3	0.0	
1970.5	0.0	
4485.9	0.0	
2047.7	57.6	
2106.5	9.0	
1893.6	399.9	
2615.7	0.0	
1945.8	0.0	
2050.3	0.0	
2786.6	0.0	
18908.2	0.0	
2116.8	798.0	
18368.9	0.0	
17648.6	2327.6	
2527.0	172.3	
2525.3	0.0	
2129.3	0.0	
2999.6	0.0	
1927.5	2427.2	
2253.8	214.0	
2760.1	2.7	
2285.8	1674.7	
2454.1	119.3	
2342.3	0.0	
2476.3	0.0	
2123.1	43.0	
3492.6	54.5	
18115.5	229.2	
1884.7	0.0	
2018.7	0.0	
2555.3	0.0	
3425.6	0.0	
1926.8	0.0	
2767.6	0.0	
2938.5	0.0	
2608.2	9.4	
1914.7	0.0	
5071.8	0.0	
1926.1	0.0	
17931.4	42.3	
16563.9	0.0	
2443.7	0.0	
17135.6	122.5	
1988.7	58.4	
2194.9	0.0	
2026.0	507.0	
2748.6	0.0	
2627.8	0.0	
3278.6	117.1	
6110.2	2.7	
1956.1	0.0	
2090.1	0.0	
3352.4	0.0	
2827.6	0.0	
2407.9	0.0	
2523.0	0.0	
2127.0	0.0	
4380.4	0.0	
2220.2	161.9	
18270.9	4.1	
2169.1	0.0	
2377.5	619.8	
1907.1	0.0	
2474.0	0.0	
18650.8	0.0	
3998.3	0.0	
2062.1	3028.5	
2791.8	0.0	
1986.1	0.0	
2120.1	0.0	
2437.9	0.0	
2175.9	0.0	
2157.0	0.0	
2291.0	0.0	
1958.9	2.0	
18269.5	0.0	
1937.1	0.0	
2071.1	0.0	
3595.4	0.0	
2650.9	0.0	
2254.9	0.0	
2370.0	0.0	
1992.9	0.0	
2504.0	0.0	
2108.0	0.0	
18113.5	11.7	
3042.5	131.4	
2559.8	0.0	
2150.1	0.0	
1888.1	0.0	
2583.0	0.0	
2601.9	0.0	
2455.0	0.0	
17394.6	2604.2	
2059.0	0.0	
15918.1	0.0	
2772.8	0.0	
1967.1	0.0	
2101.1	0.0	
2114.3	0.0	
2138.0	0.0	
18013.2	9.3	
2151.3	3248.8	
2193.3	0.0	
9592.9	2489.8	
18167.5	0.7	
2485.0	0.0	
1944.0	388.2	
18249.9	0.0	
2051.7	0.0	
17019.1	0.0	
12335.9	54067.8	
2015.3	0.0	
2173.6	0.0	
4264.6	67.6	
1899.7	0.0	
2477.7	0.0	
2081.7	0.0	
16836.0	18528.8	
2215.7	0.0	
2252.6	0.0	
1978.7	0.0	
2231.9	66.2	
2294.7	0.0	
17218.3	4436.4	
2428.7	0.0	
2474.3	93.3	
14262.4	0.0	
2245.7	0.0	
1977.5	1.6	
2154.6	0.0	
18639.0	0.0	
2458.7	0.0	
2891.6	0.0	
2233.6	0.0	
18080.4	63.2	
2367.6	0.0	
1971.6	0.0	
1959.7	0.0	
2404.5	0.0	
5551.4	188.8	
18264.7	427.6	
2837.4	0.0	
1982.1	95.0	
1892.9	0.0	
2184.6	0.0	
16181.9	24977.5	
5523.7	0.0	
2617.5	0.0	
3696.0	0.0	
2114.8	2.0	
13540.9	664.5	
2105.9	0.0	
2434.5	0.0	
17825.2	64.2	
2045.4	210.2	
2692.3	888.3	
2318.9	0.0	
2056.9	0.0	
1910.0	0.0	
3988.0	0.0	
2647.5	0.0	
2382.1	42.5	
18427.7	0.0	
18140.4	2.0	
2269.9	0.0	
1873.9	0.0	
2007.9	0.0	
1989.0	0.0	
14335.0	4410.0	
3385.3	0.0	
2178.8	0.0	
3031.4	0.0	
2769.4	0.0	
1940.0	0.0	
2218.6	590.9	
2653.8	0.0	
2574.2	0.1	
7115.2	401.3	
2037.9	0.0	
2208.8	0.0	
2682.9	67.6	
1970.0	0.0	
16815.0	0.0	
1903.2	0.0	
9408.4	157.7	
2037.2	0.0	
2615.2	0.0	
2067.9	0.0	
7283.5	161.1	
12693.9	0.0	
1945.3	0.0	
1921.0	0.0	
16921.5	11359.1	
17801.0	539.9	
2432.2	0.0	
2566.2	0.0	
18330.7	15.2	
1896.3	0.0	
2182.3	12.1	
18376.7	48.2	
2779.2	0.0	
2071.3	7.4	
2044.6	109.6	
13155.5	2334.4	
2099.6	320.8	
3267.9	0.0	
2987.0	0.0	
2462.2	0.0	
2018.2	0.0	
1978.1	57.4	
1972.3	92.3	
1926.3	0.0	
2516.8	2.7	
2767.1	0.0	
15953.1	887.7	
2938.0	0.0	
13407.5	0.0	
2151.2	0.0	
1901.6	0.0	
2980.1	0.0	
2035.6	0.0	
17814.7	563.3	
1914.2	0.0	
3035.9	0.0	
2206.5	0.0	
2364.2	0.0	
3004.3	1327.3	
2114.6	0.0	
2377.4	0.0	
2248.6	0.0	
2285.5	0.0	
2023.5	0.0	
2577.2	0.0	
16027.4	61207.0	
2590.4	0.0	
2194.4	0.0	
2750.3	0.1	
3327.9	0.0	
3443.0	0.0	
2236.5	0.0	
1974.5	0.0	
1897.9	109.6	
2643.4	346.2	
2407.4	0.0	
16840.7	3060.7	
2016.6	0.0	
2053.5	0.0	
2187.5	0.0	
1949.8	0.0	
2882.4	0.0	
2087.7	64.1	
2095.6	0.0	
2222.1	4212.5	
1962.4	0.0	
17847.2	15.2	
2028.8	0.0	
2175.4	0.0	
18273.3	12.7	
2190.1	7.4	
2059.8	0.0	
2479.5	0.0	
2217.5	0.0	
1979.8	0.0	
1992.4	0.0	
18083.6	530.4	
4589.1	3043.9	
3552.6	176.2	
2089.8	0.0	
2247.5	0.0	
2009.8	0.0	
2317.3	588.0	
2851.3	0.0	
2630.7	0.0	
2589.3	0.0	
18036.4	0.0	
1960.8	0.0	
2901.8	60.2	
2993.8	87.4	
13116.4	1458.8	
2562.9	3.3	
3843.5	0.0	
3318.7	0.0	
16377.5	23281.7	
1990.8	0.0	
2280.2	162.1	
6525.3	0.0	
2173.1	0.0	
18200.1	512.6	
13820.2	2.7	
1956.1	2.0	
1899.2	0.0	
17983.4	13.8	
3086.7	0.0	
1990.1	0.0	
1978.2	0.0	
3386.4	0.0	
2294.2	0.0	
2441.9	0.0	
3257.6	0.0	
2428.2	0.0	
18018.3	103.4	
2465.1	0.0	
18407.6	0.0	
2772.1	157.5	
2293.5	4818.2	
17991.2	165.9	
2544.5	9.4	
17974.8	133.5	
2584.4	70.9	
2020.1	0.0	
2724.8	1116.5	
2062.2	0.0	
2196.2	0.0	
9242.8	14442.6	
2425.8	2.0	
1971.1	0.0	
2761.5	1038.1	
2078.3	320.8	
18382.5	0.0	
2045.0	43.3	
2026.4	0.0	
2050.1	0.0	
2184.1	0.0	
16967.1	5525.4	
3159.9	0.0	
17706.4	528.1	
2197.3	0.0	
2226.2	0.0	
2254.0	2870.6	
2001.1	0.0	
1885.5	0.0	
2434.0	0.0	
2172.0	0.0	
2062.2	25.1	
2056.4	0.0	
2314.3	844.1	
2830.1	232.0	
5004.7	0.0	
2385.0	0.0	
2261.2	78.5	
1873.4	0.0	
2007.4	0.0	
2085.7	0.0	
2440.3	0.0	
1940.6	60.0	
2149.2	70.9	
2162.1	281.9	
2086.4	0.0	
1993.6	1.6	
1982.7	0.0	
12281.6	450.8	
2024.8	0.0	
1935.8	109.6	
2037.4	0.0	
2511.7	0.0	
2115.7	0.0	
2470.3	0.0	
2208.3	0.0	
16771.7	0.7	
17835.6	2762.8	
2713.1	74.0	
18398.1	16.6	
2012.7	0.0	
2066.7	0.0	
3444.1	0.0	
18180.9	1238.8	
1963.7	0.0	
18336.0	1.5	
2763.5	116.1	
2042.7	0.0	
3828.0	0.0	
2754.7	0.0	
2096.7	0.0	
3187.6	0.0	
3450.4	0.0	
2529.6	0.0	
2109.9	0.0	
2267.6	0.0	
1993.7	0.0	
17638.3	738.2	
3650.2	0.0	
2574.5	3779.3	
2742.6	0.0	
1926.9	0.0	
2434.2	128.8	
2480.6	0.0	
2270.0	320.8	
2913.5	0.0	
1944.7	0.0	
2126.7	0.0	
18162.6	408.7	
1992.2	3441.2	
2139.9	0.0	
17683.2	861.5	
14580.0	31.2	
1993.0	0.0	
4112.4	0.0	
1901.1	0.0	
2048.8	0.0	
2352.9	0.0	
1956.9	0.0	
2090.9	0.0	
2206.0	0.0	
2114.1	0.0	
2261.8	0.0	
3510.4	0.0	
2169.9	0.0	
1907.9	0.0	
2023.0	0.0	
2259.3	19.3	
6196.7	0.0	
18684.0	0.0	
2474.8	0.0	
1997.7	44.8	
2078.8	0.0	
2382.9	0.0	
2516.9	0.0	
1974.0	0.0	
18169.8	25.1	
12848.7	0.0	
1937.9	0.0	
3041.1	0.1	
2053.0	0.0	
2187.0	0.0	
1946.9	186.1	
1949.3	0.0	
16585.4	9928.4	
2105.5	444.7	
2108.8	0.0	
18247.8	335.7	
2150.9	0.0	
2182.3	29.2	
17806.6	545.3	
2004.0	0.0	
2420.5	455.2	
2455.8	0.0	
18451.4	0.0	
7356.8	56.3	
2266.1	3.0	
2363.9	0.0	
14352.9	66.9	
1979.3	0.0	
1955.0	0.0	
1991.2	19.1	
18268.4	0.0	
2287.5	7.4	
2213.6	20.4	
2159.5	7.4	
2034.0	0.0	
1930.3	0.0	
2009.3	0.0	
1905.6	0.0	
2758.2	0.0	
1918.2	0.0	
2100.6	212.0	
1960.3	0.0	
3063.1	0.0	
2118.6	0.0	
15306.0	0.0	
2289.5	0.0	
1935.6	0.0	
1911.3	0.0	
1948.2	0.0	
2713.2	12.3	
1886.9	23.2	
9495.2	0.0	
1990.3	0.0	
2148.6	0.0	
2282.6	0.0	
1886.6	0.0	
18441.3	0.0	
2190.7	0.0	
2378.2	45.7	
2057.5	0.0	
2477.2	0.0	
2525.1	280.9	
2886.4	0.0	
1965.6	0.0	
2099.6	0.0	
3361.8	4942.4	
2136.5	0.0	
2141.7	0.0	
2178.6	0.0	
1962.4	2.0	
2087.5	0.0	
2129.6	0.0	
2420.2	55.2	
3507.0	0.0	
2553.3	54.4	
2038.5	0.0	
1922.9	0.0	
1946.6	0.0	
2342.6	0.0	
2080.6	0.0	
2513.5	0.0	
2117.5	0.0	
2093.8	0.0	
2251.5	0.0	
2013.8	0.0	
2001.9	0.0	
2266.2	7.4	
2464.5	0.0	
1971.1	29.2	
19055.2	0.0	
1952.9	0.0	
3330.3	0.0	
2385.8	0.0	
2009.4	2002.6	
2343.8	3.0	
2043.8	0.0	
2447.8	4.1	
1885.0	0.0	
2099.2	43.0	
2074.8	0.0	
18548.9	69.0	
1994.8	0.0	
2927.4	0.0	
3098.3	0.0	
15742.7	520.5	
2702.3	0.0	
2284.4	1769.8	
18021.4	0.0	
2956.7	0.0	
2915.3	0.0	
2301.2	1796.6	
17639.4	3035.3	
2324.8	3.0	
2298.2	0.0	
4376.2	0.0	
17452.2	2181.7	
3169.7	0.0	
1949.3	55.0	
2511.2	0.0	
2115.2	0.0	
2137.4	86.5	
15594.9	1565.9	
10361.0	0.0	
2728.9	998.3	
2806.7	57.9	
2474.9	1.6	
2001.6	58.1	
2066.2	0.0	
18404.7	345.1	
2374.0	2.0	
15534.1	1.0	
2499.1	0.0	
2585.8	2518.2	
5419.5	3662.7	
3066.0	0.0	
2670.0	0.0	
1963.2	0.0	
2140.2	272.4	
2663.7	253.4	
2183.3	164.6	
2754.2	0.0	
2358.2	0.0	
2180.3	7.4	
2096.2	0.0	
3754.5	0.0	
1980.6	0.0	
2529.1	0.0	
1993.2	0.0	
2571.2	0.0	
1889.5	0.0	
3809.8	0.0	
2309.2	0.0	
18067.4	0.9	
3547.8	0.0	
1926.4	0.0	
1935.3	86.2	
2913.0	0.0	
1968.5	0.0	
2741.7	149.4	
2126.2	0.0	
4490.5	258.7	
2139.4	0.0	
2010.6	0.0	
2693.1	0.0	
18303.3	0.0	
2310.3	0.0	
2181.5	0.0	
2730.0	0.0	
1986.5	1222.0	
2048.3	0.0	
2468.0	0.0	
18772.2	0.0	
18510.2	0.0	
2919.8	0.0	
2090.4	0.0	
3223.9	0.0	
2523.3	0.0	
1998.5	0.0	
2132.5	0.0	
3125.2	143.7	
2352.5	3.0	
2169.4	0.0	
2456.5	48.4	
2303.4	0.0	
1907.4	0.0	
18317.9	0.0	
2474.3	0.0	
1949.5	0.0	
14784.5	64562.2	
2096.8	60.3	
15546.6	0.0	
2120.4	0.0	
2474.4	3.0	
18256.1	67.6	
3107.0	0.0	
1924.8	0.0	
1900.5	0.0	
2765.6	0.0	
2595.4	0.0	
2277.2	1791.3	
1937.4	0.0	
17951.9	0.0	
2561.8	63.7	
16824.5	0.0	
7197.6	0.0	
1875.8	0.0	
2163.8	9206.6	
2150.4	0.0	
3020.7	0.0	
2059.3	0.0	
2238.3	2.0	
2217.6	60.0	
4361.6	89.7	
2660.7	633.5	
2971.7	0.0	
2373.4	19.3	
2272.3	0.0	
2389.2	76.0	
6836.8	0.0	
1905.8	0.0	
2109.9	2.5	
2777.7	0.1	
2825.6	0.0	
2238.6	469.5	
2699.8	0.1	
1893.7	0.0	
2027.7	0.0	
1905.1	0.0	
18575.1	2.0	
15738.0	411.5	
2118.1	0.0	
2556.7	0.0	
16040.6	307.2	
2435.9	0.0	
2154.3	664.8	
3160.5	0.0	
2635.7	0.0	
1935.1	0.0	
2386.9	0.0	
2054.4	22.5	
2139.6	7.4	
2150.0	43.0	
2557.8	0.0	
2148.1	0.0	
2084.3	152.7	
2465.9	0.0	
2319.0	0.0	
1941.9	0.0	
2190.2	0.0	
2057.0	0.0	
17339.6	2236.1	
3324.5	0.0	
2361.1	0.0	
1965.1	0.0	
2043.6	74.8	
1874.0	0.0	
3007.5	0.0	
18251.7	20.0	
1916.1	0.0	
2367.9	0.0	
1971.9	0.0	
2483.0	0.0	
2087.0	0.0	
2129.1	0.0	
2446.9	0.0	
8112.4	0.0	
17842.1	216.2	
18218.1	466.7	
1946.1	0.0	
2102.3	37.4	
2491.9	1648.8	
18485.4	0.0	
17936.9	0.0	
18025.2	0.0	
2013.3	0.0	
2568.8	0.0	
2001.4	0.0	
2159.1	0.0	
18318.6	348.9	
2908.2	510.3	
2330.0	0.0	
18634.2	0.0	
2559.3	31.2	
17678.3	3726.4	
2123.3	0.0	
2266.8	127.4	
2043.3	0.0	
2994.8	0.0	
2038.0	25.1	
2202.3	0.0	
18414.3	7.5	
18402.2	0.0	
1994.3	0.0	
17597.2	2000.6	
2082.1	22.5	
2060.7	0.0	
2153.3	0.0	
2259.2	343.3	
2093.8	73.8	
1956.6	2259.3	
6082.9	121.7	
2417.1	266.7	
1957.7	0.0	
4898.9	6.3	
2273.7	0.0	
2956.2	0.0	
6499.9	1304.4	
2303.9	1896.0	
1989.1	1901.5	
2251.7	305.6	
18198.1	0.0	
10364.3	111.5	
1908.7	0.0	
2615.5	0.0	
2090.7	0.0	
13791.8	601.7	
2154.2	22.5	
2224.7	0.0	
2126.1	0.9	
2261.6	0.0	
2178.6	2.0	
2155.7	718.1	
15490.4	0.0	
17293.8	2965.9	
2437.7	0.0	
2566.5	0.0	
4224.8	0.0	
2227.9	109.6	
2212.6	0.0	
1950.6	0.0	
1938.7	0.0	
2645.5	0.0	
2779.5	0.0	
2383.5	0.0	
2121.5	0.0	
1954.2	7.4	
2005.9	0.0	
2029.6	0.0	
2559.6	0.0	
4083.9	0.0	
4715.9	0.0	
2339.5	78.5	
3029.4	0.0	
2084.9	0.0	
13567.7	290.4	
2218.9	0.0	
2242.6	0.0	
16081.3	625.4	
2151.5	0.0	
1984.2	7.4	
2035.9	0.0	
2455.6	0.0	
2072.8	0.0	
4809.6	0.0	
2364.5	0.0	
16752.3	69.0	
15410.0	1408.6	
2248.9	0.0	
1986.9	0.0	
2535.4	0.0	
17951.9	443.7	
1968.0	0.0	
2968.3	0.0	
2202.8	2.5	
2065.9	0.0	
16592.4	263.5	
2181.0	0.0	
1919.0	0.0	
2236.8	0.0	
2303.0	111.5	
15428.9	10862.6	
18224.7	56.8	
2147.2	7.4	
2016.9	0.0	
1998.0	0.0	
2756.9	87.4	
2187.8	0.0	
2877.9	60.2	
18253.7	0.0	
1949.0	0.0	
2722.2	149.4	
1967.9	0.0	
2500.6	26.3	
2392.6	78.5	
2186.2	217.8	
2400.8	0.0	
2502.7	9.9	
15602.8	0.0	
1924.3	0.0	
1900.0	0.0	
18443.5	1.0	
18070.2	0.0	
2294.9	2.7	
4246.2	629.4	
1912.2	0.0	
3033.9	0.0	
2046.2	0.0	
2624.2	0.0	
2499.9	42.3	
2773.8	61.9	
2138.9	60.0	
15370.3	0.0	
1984.2	109.9	
3708.7	0.0	
1905.3	0.0	
2746.1	0.0	
3325.9	0.0	
3179.0	0.0	
2014.6	0.0	
17416.1	568.7	
2084.1	2.0	
1893.2	0.0	
2051.5	0.0	
2027.2	0.0	
2034.3	18.1	
2343.2	0.0	
2093.6	0.0	
2264.5	0.0	
2400.8	7.7	
2398.5	0.0	
12898.3	675.9	
2064.9	1026.7	
2173.4	0.0	
2044.6	0.0	
1886.3	0.0	
2081.5	0.0	
2635.2	0.0	
2127.3	2.0	
16932.6	0.0	
2386.4	0.0	
1995.6	0.0	
2848.2	0.0	
2032.5	0.0	
2465.4	0.0	
2093.0	9.4	
1941.4	0.0	
2122.1	334.9	
3924.2	3849.6	
2245.5	0.0	
2007.8	0.0	
1983.5	0.0	
2025.6	0.0	
2154.4	0.0	
3835.2	0.0	
17522.4	187.2	
9226.6	30.8	
2062.5	0.0	
2196.5	0.0	
1958.8	0.0	
2367.4	0.0	
1971.4	0.0	
18381.9	0.0	
18297.8	55.0	
2037.8	0.0	
2013.5	0.0	
2028.0	0.2	
9028.0	55.4	
1909.8	0.0	
2580.4	0.0	
14596.3	753.6	
2626.4	185.2	
2617.3	0.0	
1988.8	0.0	
2632.2	346.2	
2251.6	60.0	
2370.0	7.4	
3133.7	0.0	
18270.1	113.9	
15863.5	408.1	
10512.3	171.0	
2746.7	5.5	
2005.8	173.4	
2381.6	25.0	
4851.9	13532.4	
16966.2	4291.9	
4633.0	0.0	
15050.1	18830.5	
2014.9	9.0	
2495.0	0.1	
1969.8	0.0	
2810.6	0.0	
2852.7	0.0	
2060.2	0.0	
2194.2	0.0	
18336.4	56.4	
2018.6	29.2	
2231.1	0.0	
1969.1	0.0	
1957.2	0.0	
2444.1	0.0	
2343.0	1315.4	
2841.7	2655.6	
2215.7	7.4	
2615.0	0.0	
2090.2	0.0	
1999.1	0.0	
2712.9	0.0	
2432.0	0.0	
3828.3	0.0	
15839.3	73885.7	
16947.2	5738.0	
2474.1	0.0	
2608.1	0.0	
2212.1	0.0	
3513.1	13.1	
1950.1	0.0	
18363.4	72.6	
2254.2	0.0	
2521.8	523.2	
2121.0	0.0	
18567.5	81.8	
2005.4	0.0	
2029.1	0.0	
2657.0	34.7	
18504.2	0.0	
2913.8	0.0	
16372.8	66674.5	
2117.0	2.0	
2376.1	0.0	
1980.1	0.0	
2184.9	123.0	
2159.1	2.0	
17852.3	0.0	
2827.9	0.0	
2809.0	0.0	
2151.0	0.0	
3126.8	0.0	
2035.4	0.0	
18473.9	6.1	
2453.8	26.3	
2072.3	0.0	
18199.3	0.0	
3339.8	0.0	
1986.4	0.0	
18278.3	0.0	
2285.3	0.0	
1894.5	0.0	
2739.4	7.4	
2065.4	0.0	
2626.2	6.5	
2660.1	1.5	
1961.7	0.0	
2277.7	0.0	
2236.3	0.0	
3655.1	0.0	
3107.8	0.0	
2016.4	0.0	
18590.5	440.2	
2351.5	424.4	
2490.7	0.0	
2094.7	0.0	
2449.3	0.0	
2053.3	0.0	
2187.3	0.0	
1991.7	0.0	
17403.1	88.7	
18243.9	0.0	
16319.6	463.7	
2046.4	0.0	
1942.7	0.0	
2124.7	0.0	
2258.7	0.0	
2217.3	0.0	
2021.7	0.0	
15634.5	290.4	
2337.7	0.0	
6927.9	2308.6	
2191.6	64.5	
2607.8	2238.3	
1972.7	0.0	
3075.5	0.0	
18141.3	2.2	
2154.7	0.0	
2247.3	0.0	
18721.7	0.0	
3241.8	4.1	
1929.1	882.1	
3288.5	0.0	
2892.5	0.0	
1923.7	0.0	
2105.7	0.0	
2029.4	9.0	
2276.6	0.0	
18282.8	0.0	
2002.7	0.0	
3234.3	0.0	
12251.4	19166.9	
1880.1	0.0	
2331.9	0.0	
1935.9	0.0	
2885.6	0.0	
2069.9	0.0	
17551.5	843.6	
2029.2	151.9	
2185.0	0.0	
2093.1	0.0	
2544.9	0.0	
2148.9	0.0	
2443.3	3.1	
2916.2	52.1	
1886.9	0.0	
2398.0	0.0	
2002.0	0.0	
4517.4	0.0	
2581.8	0.0	
4121.4	0.0	
17916.8	0.0	
18446.8	0.0	
2057.8	0.0	
17740.7	262.5	
1965.9	0.0	
3440.4	0.0	
2099.9	0.0	
2081.0	0.0	
2721.3	29.1	
2215.0	0.0	
18059.5	0.0	
15678.1	0.0	
2535.1	7.4	
2647.3	5.7	
2312.9	0.0	
2032.0	0.0	
2050.9	0.0	
17661.4	2798.8	
17369.9	687.7	
3428.3	0.0	
2074.1	0.0	
2947.6	61.9	
2129.9	0.0	
2263.9	0.0	
7754.0	0.0	
1983.0	0.0	
2605.0	2.8	
2300.8	0.0	
17629.2	0.0	
2434.8	0.0	
2196.0	0.0	
1958.3	0.0	
1934.0	0.0	
9537.5	1.0	
2513.8	0.0	
2117.8	0.0	
2331.7	109.6	
17240.7	11380.6	
2436.0	42.3	
2037.3	0.0	
2013.0	0.0	
4196.1	0.0	
3671.3	0.0	
1909.3	0.0	
2330.8	0.0	
3003.2	35.0	
18495.8	7.2	
1988.3	0.0	
1897.2	0.0	
2952.1	3012.9	
3304.1	0.0	
1939.3	0.0	
2097.6	0.0	
2139.7	0.0	
2172.3	178.0	
2578.2	128.0	
1893.2	2.0	
6298.8	133.6	
1914.6	0.0	
3299.9	0.1	
1890.3	0.0	
17807.7	1631.8	
2218.7	0.0	
17715.3	63.5	
2292.5	1562.8	
2085.5	0.0	
1927.2	0.0	
1969.3	0.0	
2169.7	0.0	
2469.4	0.0	
1944.6	0.0	
2078.6	0.0	
1990.4	2.0	
2115.5	0.0	
2249.5	0.0	
17914.1	117.9	
18173.1	0.0	
1970.4	60.5	
13207.4	214.0	
2291.6	0.0	
2074.6	2.0	
2199.7	0.0	
2066.5	0.0	
8965.2	0.3	
2499.4	0.0	
18001.4	453.2	
2451.5	155.9	
15970.7	15.9	
2670.3	0.0	
1901.9	0.0	
2450.4	0.0	
2059.6	0.0	
18531.4	208.1	
3145.3	0.0	
1971.4	2.0	
2754.5	0.0	
2096.5	0.0	
17655.3	698.6	
1992.0	23.7	
1980.9	0.0	
2663.4	0.0	
18367.0	74.0	
2159.8	66.8	
2309.5	0.0	
17321.5	246.7	
18081.1	21.3	
2443.5	0.0	
2156.6	404.4	
1950.1	29.2	
3107.9	240.4	
2062.2	7.4	
2459.8	249.3	
2876.4	0.0	
2102.8	0.0	
2389.3	0.0	
2022.8	0.0	
2010.9	0.0	
1954.1	89.4	
2855.8	7.4	
2300.2	910.5	
3126.3	0.0	
2181.8	0.0	
18525.0	0.0	
18381.7	0.0	
1973.8	0.0	
2046.7	65.4	
3246.7	0.0	
3380.7	0.0	
3339.3	0.0	
2681.3	0.0	
2351.6	996.2	
17194.7	3298.0	
2620.1	0.1	
2894.3	0.0	
2352.0	60.0	
2483.3	26.8	
18230.5	260.6	
17817.4	0.0	
2162.8	0.0	
2404.0	866.0	
2365.9	42.3	
2490.2	0.0	
3794.6	0.0	
1991.2	0.0	
1902.2	109.6	
3136.6	0.0	
2173.2	0.0	
2703.2	0.0	
2307.2	0.0	
3149.8	0.0	
3780.7	68.0	
1942.2	0.0	
2520.2	0.0	
2124.2	0.0	
18627.5	0.0	
18224.7	702.1	
2295.1	0.0	
3404.9	0.0	
2746.9	0.0	
2337.2	0.0	
2075.2	0.0	
18840.5	0.0	
2770.1	0.0	
2095.5	55.6	
2508.1	0.0	
3103.9	20.6	
1959.6	0.0	
1988.5	533.4	
10260.2	53998.4	
1972.2	0.0	
3147.0	105.0	
2154.2	0.0	
3098.8	72.2	
2325.1	0.0	
1905.4	0.0	
2406.6	215.4	
2892.0	0.0	
1947.5	0.0	
2630.0	0.0	
1984.4	0.0	
8861.0	308.6	
2934.1	0.0	
1989.6	0.0	
2118.4	0.0	
2276.1	0.0	
2400.9	8.7	
18148.3	0.0	
2002.2	0.0	
1982.8	39.9	
1898.5	0.0	
2331.4	0.0	
1935.4	0.0	
2489.1	0.0	
2806.9	0.0	
2940.9	0.0	
1977.5	0.0	
2106.3	0.0	
2262.2	1990.7	
18525.3	108.0	
3373.8	0.0	
3111.8	0.0	
2148.4	0.0	
2282.4	0.0	
2190.5	0.0	
1928.5	0.0	
1965.4	0.0	
2099.4	0.0	
2527.1	280.3	
2666.3	0.0	
2327.8	87.4	
1903.8	0.0	
2053.3	2.0	
15639.0	92.4	
2312.4	0.0	
2050.4	0.0	
18233.2	135.4	
2786.7	0.0	
2483.3	0.0	
1958.5	0.0	
2087.3	0.0	
2307.3	3.0	
3616.8	0.0	
3902.1	0.0	
2597.0	0.4	
2129.4	0.0	
18507.0	7.8	
1891.7	0.0	
2342.5	111.5	
2025.7	0.0	
2999.7	0.5	
18277.9	0.0	
17961.0	0.0	
1933.8	0.0	
17461.3	2604.2	
2251.3	0.0	
1884.8	0.0	
4103.0	0.0	
2371.7	0.0	
2893.0	330.2	
2330.3	0.0	
2951.1	44.7	
3246.6	1.4	
1872.7	0.0	
2006.7	0.0	
18204.0	0.0	
2322.7	0.0	
17826.6	0.0	
3151.6	0.0	
9854.7	384.8	
2757.8	0.1	
15809.0	0.0	
2797.7	0.0	
2139.2	0.0	
2196.9	43.0	
3005.5	0.0	
2036.7	0.0	
1914.1	0.0	
2613.2	1795.1	
2085.0	0.0	
17523.5	2779.3	
2798.8	0.0	
2307.9	8397.0	
15577.0	0.0	
16384.4	24020.8	
2444.9	0.0	
2182.9	0.0	
2298.0	0.0	
3365.9	63.8	
18672.5	0.0	
2615.8	0.0	
1944.1	0.0	
2078.1	0.0	
18483.4	0.0	
2815.6	0.0	
2133.9	0.0	
2115.0	0.0	
1895.1	0.0	
2608.9	0.0	
3291.4	0.0	
2199.2	0.0	
2724.0	0.0	
1950.9	0.0	
2032.1	5.5	
2462.0	0.0	
2066.0	0.0	
18306.5	0.0	
1979.8	130.3	
2779.8	0.0	
2108.1	0.0	
14859.2	1697.5	
1985.6	337.5	
2163.9	0.0	
18519.5	0.0	
3407.4	67.5	
2596.8	0.0	
2334.8	0.0	
1925.1	0.0	
2059.1	0.0	
2376.9	0.0	
2096.0	0.0	
4541.1	0.0	
2069.9	2684.8	
18117.9	629.3	
2413.8	0.0	
2547.8	0.0	
2457.9	49.3	
2201.7	110.7	
18092.7	2560.2	
2717.9	707.8	
2151.3	0.0	
1913.0	0.0	
2873.4	6.2	
18351.2	0.0	
2266.4	1727.2	
2479.9	224.3	
17742.7	1612.5	
2619.7	518.3	
17367.0	0.0	
2102.3	0.0	
16026.5	0.0	
2022.3	0.0	
2010.4	0.0	
2778.8	409.3	
15015.1	6.4	
18069.0	139.8	
2181.3	0.0	
2486.7	46.5	
3338.1	0.0	
2897.4	7.4	
1973.3	0.0	
2165.8	4.4	
17528.2	5487.9	
2132.3	0.0	
2172.3	2.1	
2212.7	315.9	
1948.6	0.0	
2252.7	0.0	
2159.0	281.9	
2423.6	0.0	
2583.5	0.1	
1956.7	7.6	
2028.9	417.4	
1887.7	0.0	
8499.5	0.0	
2083.9	1.7	
3148.2	0.0	
2203.7	0.0	
2146.8	92.1	
15229.2	1.6	
1978.6	0.0	
18469.1	0.0	
2849.6	0.0	
1929.6	0.0	
1917.7	0.0	
2758.5	0.0	
2404.6	0.0	
2008.6	0.0	
17794.5	5708.2	
2142.6	0.0	
17752.8	0.0	
2617.6	0.0	
2421.0	16.4	
17935.6	722.4	
2526.5	0.0	
15206.7	6284.9	
2597.2	691.9	
2068.4	546.7	
2014.9	0.0	
1976.2	378.0	
2051.8	0.0	
16479.1	6.1	
2185.8	0.0	
2739.5	0.0	
2493.0	37.6	
2093.9	0.0	
2227.9	0.0	
1947.0	0.0	
2264.8	0.0	
2818.5	0.0	
1918.4	223.2	
2044.9	0.0	
16798.2	8087.8	
2160.0	0.0	
1898.0	0.0	
2477.8	0.0	
2215.8	0.0	
2806.4	0.0	
2565.4	4846.4	
1977.0	0.0	
1995.9	0.0	
1913.2	13.6	
17868.9	238.3	
3037.7	13.5	
2166.8	0.0	
18296.4	0.0	
2074.9	0.0	
2190.0	0.0	
1928.0	0.0	
2245.8	0.0	
4657.6	29.3	
2025.9	0.0	
8171.8	59.5	
2025.9	0.5	
18015.9	77.3	
1958.0	0.0	
2454.5	110.7	
2025.2	0.0	
2809.1	2024.7	
2603.2	0.0	
2341.2	0.0	
1933.3	0.0	
2727.3	47.2	
2420.2	0.0	
2158.2	0.0	
2102.4	118.6	
1884.3	0.0	
3042.9	0.0	
2767.2	0.0	
3103.0	149.4	
1993.6	0.0	
2030.5	0.0	
2006.2	0.0	
2188.2	0.0	
2322.2	0.0	
16915.2	31.8	
1914.3	0.0	
2621.1	0.0	
2072.6	0.0	
2521.2	246.6	
16757.8	12683.6	
1981.5	0.0	
3242.3	312.3	
2285.6	0.0	
2023.6	0.0	
2310.1	0.0	
2456.5	0.0	
2743.0	0.0	
16053.6	0.0	
2231.4	0.0	
1974.6	0.0	
2011.5	0.0	
2053.6	0.0	
16657.3	41.5	
1999.9	118.2	
2615.3	0.0	
2749.3	0.0	
1962.5	0.0	
2815.1	0.0	
18086.9	451.1	
1999.4	0.0	
18559.3	0.0	
2041.5	0.0	
4685.7	0.0	
2175.5	0.0	
1937.8	0.0	
2608.4	0.0	
2439.1	4035.0	
2034.5	4622.6	
14480.8	11251.4	
3333.0	0.0	
2016.8	0.0	
1992.5	0.0	
2029.4	0.0	
2062.6	86.2	
15129.7	1736.0	
2282.1	10847.6	
2760.7	0.1	
18177.9	0.0	
2334.3	0.0	
2369.7	137.6	
1967.8	0.0	
17639.9	324.0	
2376.4	0.0	
1876.7	0.0	
8843.1	0.0	
4467.6	0.0	
1918.8	0.0	
2325.3	4024.9	
17336.4	0.0	
3874.2	0.0	
2669.9	0.1	
1997.8	0.0	
18044.0	25.1	
17168.9	6246.7	
2471.4	2327.3	
1906.7	0.0	
13701.4	119.7	
1948.8	0.0	
3051.6	0.0	
2307.7	690.1	
18418.0	1311.1	
18960.6	113.2	
16773.6	7437.5	
6737.7	0.0	
18293.4	5.3	
2210.1	0.0	
2118.6	9.4	
12820.5	296.1	
3044.7	0.0	
1948.1	0.0	
2819.6	0.0	
3194.5	47.9	
18343.9	22.5	
17300.3	7814.5	
2161.1	0.0	
18233.8	61.0	
2203.2	0.0	
1906.7	267.2	
2636.1	0.0	
1978.1	0.0	
16507.0	3901.9	
18287.3	62.2	
2282.2	0.0	
2167.5	60.3	
17648.5	1510.9	
2453.1	0.0	
2587.1	0.0	
2340.0	1766.6	
1929.1	0.0	
18133.6	0.0	
2904.9	0.0	
18255.6	244.2	
18267.6	0.0	
8078.6	102.7	
3337.8	0.0	
3629.5	0.0	
2404.1	0.0	
2008.1	0.0	
2334.8	2.0	
3117.9	0.0	
2664.6	691.9	
2050.2	0.0	
12593.9	63.0	
2184.2	0.0	
2023.8	981.6	
3026.8	0.0	
2617.1	0.0	
2221.1	0.0	
9518.7	3831.6	
1959.1	0.0	
2934.9	0.0	
2672.9	0.0	
2276.9	0.0	
2526.0	0.0	
2843.8	0.0	
1880.4	0.0	
2014.4	0.0	
18034.0	51.0	
2186.2	82.1	
2185.3	0.0	
2605.0	0.0	
2209.0	0.0	
18251.2	0.0	
2093.4	0.0	
2004.4	109.6	
2254.6	105.6	
2556.0	0.0	
18796.5	0.0	
2773.9	29.3	
18068.2	0.0	
2097.2	381.6	
2044.4	0.0	
1973.3	2.0	
17934.9	459.5	
2252.4	66.6	
5675.2	0.0	
2769.0	0.0	
18407.0	321.8	
1995.4	0.0	
4069.5	921.6	
2364.2	1462.0	
2073.7	0.0	
8066.1	0.0	
2166.3	0.0	
2074.4	0.0	
2991.8	1079.3	
1970.7	0.0	
2274.8	1667.3	
2848.9	227.8	
2245.3	0.0	
2403.6	84.7	
2025.4	0.0	
17330.9	10315.6	
2365.7	0.0	
1921.7	0.0	
2499.7	0.0	
2301.9	131.9	
2622.7	155.9	
2000.7	0.0	
2316.7	0.0	
2450.7	0.0	
3145.6	0.0	
3170.1	0.0	
2225.6	0.0	
17271.8	4600.3	
1951.7	0.0	
3078.2	0.0	
2133.7	0.0	
2226.3	0.0	
2952.4	0.1	
2700.6	0.0	
1884.9	0.0	
18154.4	92.9	
1902.7	0.0	
16710.4	22546.9	
3042.4	0.0	
17885.8	238.5	
2869.5	341.0	
2403.2	211.5	
1981.7	0.0	
4742.8	0.0	
2143.3	110.7	
1993.1	0.0	
2352.9	613.9	
2310.9	0.0	
1914.9	0.0	
2142.9	320.8	
18691.0	0.0	
3035.5	0.0	
18368.0	201.1	
17013.8	5062.7	
1981.0	0.0	
18904.0	0.0	
2298.8	0.0	
1889.1	0.0	
2060.0	0.0	
2194.0	0.0	
2773.8	0.0	
2249.8	0.0	
4721.9	727.7	
2344.5	203.0	
2166.8	2.0	
3102.4	0.0	
2291.9	0.0	
2011.0	0.0	
3669.3	0.0	
2066.8	0.0	
2901.3	128.5	
17316.0	3681.2	
2053.1	0.0	
2486.0	0.0	
2108.9	0.0	
2100.4	215.7	
2421.7	2119.0	
1962.0	0.0	
2182.0	3.0	
1995.6	7.4	
2219.5	7.6	
1925.9	0.0	
2041.0	0.0	
1937.3	0.0	
3437.3	0.0	
2096.8	0.0	
14431.6	0.0	
2230.8	0.0	
2686.2	0.0	
2846.1	0.1	
2016.3	0.0	
1992.0	0.0	
2434.0	1.9	
18232.5	0.0	
2194.1	64.9	
2309.8	0.0	
1999.9	58.4	
2637.2	0.0	
17879.4	53.3	
17876.0	42.5	
1967.3	0.0	
3521.9	0.0	
16216.4	1695.5	
2652.0	215.9	
2268.5	8666.2	
2929.2	0.0	
2118.7	0.0	
16809.5	13039.9	
4196.7	0.0	
1997.3	0.0	
2289.6	0.0	
1893.6	0.0	
1906.2	0.0	
2880.2	0.0	
2431.8	1612.1	
2844.2	2.8	
2608.3	167.6	
1948.3	0.0	
2106.6	0.0	
2023.6	2.0	
2277.5	0.0	
2148.7	0.0	
2756.5	6599.3	
2185.6	0.0	
2319.6	0.0	
1923.6	0.0	
3319.9	0.0	
2087.8	435.5	
1936.2	0.0	
2514.2	0.0	
2094.5	0.0	
2490.5	0.0	
1961.3	60.0	
3477.1	0.0	
6568.0	1033.7	
2270.6	0.0	
1874.6	0.0	
8474.5	0.0	
2307.5	0.0	
8282.8	0.0	
2990.0	0.0	
2045.5	0.0	
2861.2	0.0	
4560.9	0.0	
2258.6	111.5	
18365.1	0.0	
2087.6	0.0	
3045.3	0.0	
2520.5	0.0	
2124.5	0.0	
3599.0	0.0	
17977.6	27.9	
2300.6	0.0	
1904.6	0.0	
3654.5	449.7	
2038.6	0.0	
18172.8	0.0	
3258.3	0.0	
2471.5	0.0	
2075.5	0.0	
2133.7	43.4	
2515.5	6.5	
1959.9	0.0	
2508.4	0.0	
3337.3	0.0	
1892.5	0.0	
2816.3	5.5	
18215.9	52.2	
2515.8	155.9	
2459.4	0.0	
3288.3	0.0	
18157.0	0.0	
2081.8	0.0	
2001.8	0.0	
1989.9	0.0	
2131.7	22.5	
2885.4	0.0	
2283.8	155.9	
4566.2	0.0	
2111.8	0.0	
2031.8	0.0	
3530.6	0.0	
2636.0	0.1	
2020.1	2662.4	
15746.3	28216.3	
2141.8	0.0	
2279.2	238.7	
2867.9	0.1	
18271.4	0.0	
2073.2	0.0	
2244.1	0.0	
5705.4	304.8	
3511.6	0.0	
2258.2	119.6	
2152.2	0.0	
3115.6	0.0	
2286.2	0.0	
2457.1	0.0	
16560.4	307.3	
15897.7	0.0	
5271.4	0.0	
2365.2	0.0	
1921.2	0.0	
3632.7	0.0	
18606.5	0.0	
2670.1	0.0	
2274.1	0.0	
2463.4	81.5	
2504.2	211.3	
18416.4	889.0	
2987.9	0.0	
2000.2	0.0	
3598.8	0.6	
17954.6	0.0	
2054.2	0.0	
2731.4	29.1	
2225.1	0.0	
6522.6	74.3	
15862.6	6.1	
2938.9	0.0	
1951.2	0.0	
2133.2	0.0	
3925.5	0.0	
2667.4	128.8	
1884.4	0.0	
2304.1	0.0	
2506.5	5466.6	
18310.3	0.0	
18380.6	0.0	
2755.9	0.0	
1926.5	0.0	
2055.3	0.0	
2084.2	0.0	
3584.8	0.0	
3188.8	0.0	
2097.4	0.0	
2836.9	61.9	
18261.3	0.0	
1981.2	0.0	
2139.5	0.0	
2051.3	2.0	
1914.4	0.0	
2201.5	4.1	
1956.5	0.0	
2085.3	0.0	
3352.8	0.0	
2127.4	0.0	
5204.5	0.0	
1907.5	0.0	
3169.8	0.0	
1944.4	0.0	
2078.4	0.0	
1954.2	459.4	
14099.9	0.0	
2115.3	0.0	
2130.1	42.2	
17621.2	53.3	
1895.4	0.0	
6195.5	50.6	
18251.0	0.0	
2546.2	80.1	
2328.3	0.0	
1937.5	0.0	
2066.3	0.0	
2108.4	0.0	
2279.3	0.0	
7304.9	0.0	
1912.8	0.0	
2046.8	0.0	
2577.7	474.6	
2753.6	0.0	
1925.4	0.0	
2059.4	0.0	
18097.1	132.0	
2399.7	0.0	
2096.3	0.0	
2966.6	0.0	
15564.6	0.0	
1900.7	0.0	
2034.7	0.0	
2612.7	0.0	
2180.7	959.4	
3295.2	0.0	
2350.7	0.0	
2813.5	2074.8	
2309.3	0.0	
18053.9	573.6	
2443.3	0.0	
2352.1	43.0	
2783.6	0.0	
2410.1	45.7	
3216.5	0.0	
2429.7	0.0	
1985.7	0.0	
4468.0	2126.8	
1893.8	0.0	
2642.7	0.0	
3435.6	47.0	
2393.9	0.0	
2120.1	43.0	
2813.6	0.0	
2118.2	0.0	
2015.7	0.0	
7826.0	36956.0	
5587.3	0.0	
1893.1	0.0	
18231.6	0.0	
2764.6	0.0	
2403.1	654.6	
2139.6	4.4	
12824.4	0.0	
2739.1	6.9	
1972.1	0.0	
2106.1	0.0	
18408.5	118.2	
3368.4	0.0	
2819.9	0.0	
2581.6	0.0	
13937.6	6.0	
2277.0	0.0	
1944.8	473.5	
2572.4	42.3	
8871.2	7.3	
5593.6	0.0	
2479.0	0.1	
3715.4	0.0	
2094.0	0.0	
2807.8	0.0	
2965.5	0.0	
2136.1	0.0	
1874.1	0.0	
2453.9	0.0	
2307.0	0.0	
1929.9	0.0	
2045.0	0.0	
2224.0	2.0	
2052.9	58.4	
1953.1	0.0	
2444.4	31.7	
16989.2	253.0	
2087.1	0.0	
18137.4	180.9	
5426.2	0.0	
2124.0	0.0	
2142.9	0.0	
2020.3	0.0	
2277.4	1161.1	
2575.8	0.0	
2313.8	0.0	
1904.1	0.0	
17707.2	267.1	
2038.1	0.0	
2901.6	2566.3	
11079.1	334.2	
2337.0	0.0	
2075.0	0.0	
2788.8	0.0	
18117.2	0.0	
2258.3	426.3	
17480.2	330.3	
2526.8	0.0	
1959.4	0.0	
16862.2	11542.2	
2371.5	188.8	
8553.1	29.9	
6898.5	68.1	
1892.0	0.0	
2739.8	0.0	
1934.1	0.0	
2105.0	0.0	
2167.7	87.4	
17912.9	87.8	
17534.6	2121.4	
2318.0	0.0	
10130.5	0.0	
14146.8	24636.3	
2031.3	0.0	
2189.6	0.0	
3176.2	0.0	
2360.5	0.0	
2231.7	0.0	
2571.6	38.0	
1982.3	0.0	
2444.7	0.0	
2048.7	0.0	
2182.7	0.0	
7096.6	0.0	
2867.4	0.1	
2219.6	0.0	
1957.6	0.0	
1945.7	0.0	
2371.3	8470.1	
2390.5	0.0	
2145.7	54.5	
3716.3	22.5	
2828.6	0.0	
2432.6	0.0	
17950.2	953.7	
2212.7	0.0	
2774.4	0.0	
2249.6	0.0	
3328.1	0.0	
2383.6	0.0	
17935.6	44.0	
3499.0	0.0	
2554.5	0.0	
3370.2	0.0	
2163.7	0.0	
18216.1	0.0	
2987.4	0.0	
18527.0	259.6	
2596.6	0.0	
2200.6	0.0	
2725.4	0.0	
3158.3	0.0	
2767.5	0.0	
2371.5	0.0	
3358.1	0.0	
1993.9	0.0	
2344.4	15.0	
12514.8	0.0	
2285.2	313.5	
15236.9	64336.9	
3413.4	0.0	
2230.6	0.0	
4307.4	0.0	
18131.9	9.0	
18006.3	21.9	
1926.0	0.0	
12093.5	3836.5	
2401.5	0.0	
2178.0	109.6	
2572.4	0.0	
2023.9	0.0	
4724.1	1276.1	
3583.5	616.2	
1877.0	0.0	
17936.3	526.6	
3005.3	0.0	
2877.3	0.0	
1974.9	0.0	
1956.0	0.0	
2407.8	0.0	
2145.8	0.0	
2684.0	537.9	
2793.9	87.4	
1907.0	0.0	
2216.1	3.8	
2437.8	0.0	
17766.2	0.0	
2797.8	2.8	
3594.6	0.0	
1937.0	0.0	
2602.7	9.0	
3636.7	0.0	
12329.8	23.2	
1912.3	0.0	
2225.8	2406.6	
18002.4	131.9	
1967.8	1087.6	
18429.2	130.7	
17582.4	1355.9	
2034.2	0.0	
2746.2	0.0	
2648.3	78.3	
2263.4	0.8	
2180.7	150.1	
1985.2	0.0	
2167.2	0.0	
1893.3	0.0	
2051.6	0.0	
2600.1	0.0	
2533.5	1370.9	
2633.7	7.4	
2489.2	374.6	
18676.6	0.0	
3167.0	0.0	
2789.9	0.0	
1960.5	0.0	
2551.1	0.0	
2489.0	58.0	
2039.5	0.0	
2173.5	0.0	
2908.1	624.4	
2008.1	29.6	
2081.6	0.0	
2210.4	0.0	
1948.4	0.0	
2254.4	43.0	
18156.4	180.4	
2289.8	9.4	
2405.1	67.5	
2055.7	1263.5	
1990.5	0.0	
2550.6	680.7	
2032.6	0.0	
2161.4	0.0	
3294.9	0.0	
2078.4	2.0	
2458.0	5969.5	
2772.7	42.0	
1941.5	0.0	
13355.5	0.0	
1978.4	0.0	
2965.0	0.0	
2020.5	0.0	
2900.5	161.4	
2154.5	0.0	
2328.3	2.0	
1916.8	0.0	
2191.4	0.0	
2062.6	0.0	
1929.4	0.0	
3185.4	311.8	
3020.3	0.0	
1995.8	0.0	
2100.3	0.0	
1971.5	0.0	
17893.6	627.0	
2404.4	0.0	
2008.4	0.0	
2142.4	0.0	
16911.8	21739.3	
1946.8	0.0	
2347.2	78.5	
2221.4	0.0	
13652.4	5194.9	
2355.4	0.0	
2811.3	403.8	
2105.8	0.0	
2191.5	2110.5	
17123.4	35.8	
2392.3	0.0	
1992.7	5.5	
1897.8	0.0	
2434.4	0.0	
2125.8	7.6	
2605.3	0.0	
2343.3	0.0	
18530.2	24.5	
18479.0	0.0	
1927.8	0.0	
2042.4	11.0	
2072.0	1.0	
2221.4	25.6	
17225.4	349.0	
2414.7	0.0	
14574.1	0.0	
2262.8	778.1	
13615.6	24292.3	
3299.3	117.1	
18270.4	396.8	
2162.1	163.0	
2889.7	0.0	
2350.0	1315.4	
2078.8	1.5	
2231.2	0.0	
2337.1	76.3	
2706.7	0.0	
2006.1	0.0	
6699.6	74.3	
2235.8	45.3	
17740.7	1557.8	
12633.9	4.1	
18302.5	1511.0	
2048.2	0.0	
1957.1	0.0	
2715.2	4.9	
1945.2	0.0	
2390.0	0.0	
17193.6	3009.2	
2316.4	1724.8	
2128.0	0.0	
2841.8	0.0	
2036.1	0.0	
2566.1	0.0	
2170.1	0.0	
2749.9	0.0	
1987.1	0.0	
2700.9	0.0	
12478.0	18613.7	
2554.0	0.0	
2158.0	0.0	
2609.8	0.0	
2334.1	0.0	
1938.1	0.0	
2913.9	0.0	
2255.9	0.0	
2109.0	0.0	
2688.8	0.0	
1993.4	0.0	
2017.1	0.0	
2151.1	0.0	
2120.5	177.2	
2864.9	0.0	
2184.7	7.4	
1901.5	0.0	
2584.0	0.0	
18230.2	0.0	
2072.4	0.0	
2427.2	215.4	
2230.1	0.0	
2243.3	0.0	
2377.3	0.0	
16638.2	71.8	
1903.7	354.2	
2301.2	64.1	
2894.9	0.0	
7020.8	0.0	
4114.6	0.0	
2792.0	6.5	
2997.2	0.0	
2052.7	0.0	
2109.1	64.4	
2053.4	0.0	
1949.7	0.0	
17841.4	906.2	
2265.7	0.0	
9131.4	34.3	
2028.7	0.0	
1957.6	2.0	
5384.9	0.0	
3027.2	0.0	
2082.7	0.0	
2478.7	0.0	
16492.7	19157.0	
2208.9	7.4	
2432.6	2.0	
2502.7	224.3	
1979.7	0.0	
2557.7	0.0	
3240.2	0.0	
1949.8	969.9	
2441.7	54.0	
13122.7	471.1	
2978.2	0.0	
2128.0	135.8	
2383.6	2.5	
3162.1	150.6	
2899.5	0.0	
1930.7	0.0	
2112.7	0.0	
1933.7	5.5	
2158.5	2.0	
2170.4	9.0	
2009.7	0.0	
2493.1	100.7	
3057.5	8.6	
2721.7	0.0	
2063.7	0.0	
1960.7	0.0	
2405.5	0.0	
2276.7	0.0	
17384.6	0.0	
2542.7	119.5	
18057.8	0.0	
2602.3	1137.8	
2013.7	23.1	
12507.4	0.0	
2751.7	0.0	
2368.9	0.0	
2502.9	0.0	
2106.9	0.0	
1960.0	0.0	
1990.7	0.0	
18304.7	48.8	
17683.0	1501.6	
1930.5	1319.5	
2637.8	2.8	
2312.1	1687.6	
1923.9	0.0	
17682.6	0.0	
2039.0	0.0	
2490.8	0.0	
3044.5	0.0	
2081.1	0.0	
1874.9	0.0	
1990.0	0.0	
2168.0	43.0	
2032.1	0.0	
2265.8	3.0	
18437.4	0.0	
4975.2	0.0	
2203.0	0.0	
17814.2	1258.4	
2124.8	0.0	
2258.8	0.0	
2273.5	7.4	
2020.0	0.0	
2154.0	0.0	
1916.3	0.0	
2182.4	7.4	
2075.8	0.0	
2117.9	0.0	
17045.0	577.2	
1995.3	0.0	
2739.6	841.3	
2938.3	927.1	
2330.9	0.0	
16010.9	167.1	
2055.1	1330.2	
18266.9	5.3	
2906.0	13.1	
1897.3	0.0	
18479.7	47.6	
1934.2	0.0	
17946.4	199.1	
6353.6	0.0	
1976.3	0.0	
18514.7	41.6	
14441.7	0.0	
1872.6	0.0	
3950.6	0.0	
2725.2	0.0	
1885.2	0.0	
18175.3	299.2	
1951.6	0.0	
1927.3	0.0	
3584.4	4932.0	
2938.2	0.0	
14471.1	2036.5	
2127.7	0.0	
1997.8	7.4	
13629.1	0.0	
5551.8	188.8	
2073.5	0.0	
18553.3	16.6	
16515.3	71463.1	
2115.6	0.0	
15872.7	660.5	
18121.8	0.0	
2402.7	84.7	
18387.2	88.6	
2286.5	0.0	
2024.5	0.0	
1947.9	109.6	
2590.6	0.0	
2509.2	129.0	
1998.0	2014.0	
1932.6	0.0	
16364.3	72333.2	
2066.6	0.0	
17744.0	604.6	
3053.2	0.0	
2145.6	0.0	
1883.6	0.0	
5609.5	247.1	
13428.6	0.1	
18238.9	179.5	
2712.5	0.0	
2316.5	0.0	
2999.0	0.0	
2054.5	0.0	
2233.5	2.0	
2749.4	0.0	
1933.7	60.0	
2487.4	0.0	
1938.9	0.0	
3245.0	1702.1	
2621.4	0.0	
2096.6	0.0	
2121.7	129.2	
2109.8	0.0	
15605.7	7.6	
9864.9	10648.8	
2179.3	2.0	
2700.4	0.0	
1994.5	58.4	
1913.6	0.0	
4119.2	0.0	
2480.5	0.0	
2084.5	0.0	
18388.7	0.0	
2791.0	67.8	
1980.8	0.0	
1968.9	0.0	
2688.5	66.1	
2255.4	0.0	
2126.6	0.0	
13033.1	288.1	
1980.6	1141.8	
2193.7	2713.1	
2865.9	0.1	
2297.5	0.0	
2426.3	0.0	
13795.6	63999.9	
1956.2	2259.7	
2142.1	7.4	
2186.5	108.3	
1901.0	0.0	
17877.8	124.5	
2230.7	84.2	
2090.8	0.0	
2510.5	0.0	
2138.1	9.4	
3375.6	0.0	
2964.0	140.5	
2010.8	0.0	
2062.3	30.8	
2169.8	0.0	
2506.2	110.7	
2894.4	0.0	
2120.8	0.0	
2231.2	2.0	
2189.2	17.6	
17301.0	1733.6	
1949.2	0.0	
2265.2	0.0	
18448.8	74.0	
18347.2	884.9	
2150.8	0.0	
2028.2	0.0	
2844.9	94.3	
3307.6	0.0	
2515.1	0.0	
2649.1	0.0	
3362.9	0.0	
1979.2	0.0	
19012.8	20.6	
2261.4	106.6	
18457.9	225.0	
2183.3	87.4	
2728.1	0.0	
2863.0	1868.6	
2466.1	0.0	
18670.6	0.0	
2418.2	155.9	
3599.6	0.0	
2917.9	0.0	
1930.2	0.0	
2514.4	5969.5	
18645.1	6.4	
2431.4	155.9	
2544.0	228.8	
2246.2	0.0	
2021.1	0.0	
2009.2	0.0	
2078.5	109.6	
2850.0	0.0	
2156.9	35.1	
7313.1	31892.1	
1905.5	0.0	
2459.2	0.0	
15663.6	3119.9	
2063.2	0.0	
2076.4	0.0	
2234.1	0.0	
2813.9	0.0	
1960.2	0.0	
2118.5	0.0	
2405.0	0.0	
2289.4	0.0	
2447.1	0.0	
2051.1	0.0	
2462.6	42.5	
17466.5	6.1	
1935.5	0.0	
2489.2	0.0	
17015.0	45.8	
2106.4	0.0	
2435.0	0.0	
1886.5	0.0	
3282.8	0.0	
2360.4	1.0	
1923.4	0.0	
2057.4	0.0	
6687.1	7.4	
10873.7	87.7	
2356.3	0.0	
2094.3	0.0	
17863.2	1763.0	
17380.4	641.3	
2136.4	0.0	
1874.4	0.0	
2032.7	0.0	
3863.0	63.2	
2131.7	2.0	
2441.3	0.0	
1916.5	0.0	
3053.3	665.6	
4375.5	57.4	
2087.4	0.0	
18159.6	82.6	
3425.0	365.6	
2561.7	0.0	
2124.3	0.0	
2258.3	0.0	
1891.8	0.0	
15592.6	0.0	
2025.8	0.0	
1904.4	0.0	
2038.4	0.0	
2640.7	0.0	
2733.3	0.0	
13454.7	28.3	
2075.3	0.0	
1946.5	0.0	
2745.1	93.6	
17586.8	4639.9	
2117.4	0.0	
18481.6	24.9	
2853.7	0.0	
18527.9	0.0	
16870.5	0.0	
2329.7	0.0	
12634.9	27333.0	
2422.3	0.0	
3024.6	0.0	
1921.8	0.0	
2256.7	264.7	
17411.6	3.3	
2408.7	0.0	
2501.3	0.0	
2105.3	0.0	
1872.8	0.0	
2043.7	0.0	
17408.1	8.9	
2755.7	0.0	
2359.7	0.0	
2055.4	2343.8	
3612.8	54.9	
2732.3	29.1	
18402.8	0.0	
2834.7	0.0	
1994.7	0.0	
2176.7	0.0	
1902.8	0.0	
2495.9	3507.7	
2056.7	83.5	
1951.1	0.0	
2085.1	0.0	
3347.4	0.0	
2402.9	0.0	
2956.6	0.0	
2560.6	0.0	
2693.7	8.3	
2573.8	0.0	
4072.0	0.0	
2164.1	0.0	
1958.9	225.0	
2298.1	0.0	
2615.9	0.0	
2140.6	87.5	
2469.0	0.0	
2073.0	0.0	
2080.1	55.1	
18383.8	0.0	
3340.5	0.0	
18132.2	206.5	
2398.5	156.6	
14137.3	5.3	
2986.6	0.0	
2152.0	0.0	
16912.5	279.1	
1908.9	0.0	
18596.8	0.0	
2024.0	0.0	
8889.0	32448.2	
2328.1	0.0	
1932.1	0.0	
3291.5	0.0	
2066.1	0.0	
2317.5	575.6	
1999.3	0.0	
17985.0	21.9	
2950.8	0.0	
2596.9	0.0	
17493.3	0.0	
2054.0	0.0	
17310.2	50.3	
15862.8	79328.3	
2133.0	0.0	
17493.9	267.1	
2267.0	0.0	
2029.3	0.0	
2005.0	0.0	
2204.0	3098.0	
1913.1	0.0	
2075.1	86.2	
18452.4	0.0	
17830.5	2185.6	
5515.0	0.0	
2084.0	0.0	
1980.3	0.0	
14557.0	3.8	
2126.1	0.0	
6784.6	656.6	
16752.1	0.0	
2010.3	0.0	
2168.6	0.0	
16006.6	120.7	
2076.7	0.0	
2210.7	0.0	
2169.3	0.0	
1961.3	0.0	
2289.7	0.0	
2552.5	0.0	
17907.9	44.8	
2040.3	0.0	
1924.7	0.0	
3710.0	0.0	
2240.7	0.0	
2069.0	155.1	
2923.2	0.0	
2267.2	9424.1	
2149.6	0.0	
2453.7	0.0	
3002.2	0.0	
2057.7	0.0	
5581.3	0.0	
1966.6	0.0	
3223.6	1.3	
12289.7	4785.6	
1960.8	59.1	
2533.5	0.0	
2067.0	22.5	
18106.9	110.4	
2966.4	0.0	
2441.6	0.0	
11113.0	55491.7	
2179.6	0.0	
17912.9	1657.8	
1917.6	0.0	
2884.6	893.6	
3008.5	0.0	
6468.4	0.0	
18178.2	376.2	
2221.7	0.0	
2837.3	4.0	
1972.9	0.0	
2488.7	3727.5	
1996.6	0.0	
4717.6	165.9	
11798.8	54481.2	
4077.3	148.9	
2172.7	0.0	
2301.5	0.0	
2187.8	43.0	
2996.4	0.0	
18359.1	0.0	
1905.0	0.0	
3429.3	0.0	
2905.3	0.0	
3658.8	8.0	
2264.9	0.0	
2002.9	0.0	
2551.4	0.0	
1986.2	89.6	
18096.5	0.0	
2435.8	0.0	
2912.5	33.7	
2173.8	0.0	
17044.9	628.3	
2593.5	0.0	
2252.9	111.5	
13675.2	0.0	
17907.4	0.0	
2919.3	44.9	
2258.4	744.1	
1935.0	0.0	
1953.9	0.0	
17983.8	0.0	
2386.8	0.0	
2127.8	5.5	
2977.4	0.0	
2032.9	0.0	
2431.2	7.4	
1886.0	0.0	
15215.1	0.0	
2203.8	0.0	
17435.3	4009.5	
1983.9	0.0	
1965.0	0.0	
2691.1	0.1	
13744.4	4.1	
10109.8	0.0	
17948.2	48.6	
1916.0	0.0	
3178.3	0.0	
17800.0	30.4	
2333.6	25.5	
1891.3	0.0	
3432.7	0.0	
2112.4	437.0	
12587.8	21703.0	
14233.2	24817.3	
15450.5	0.0	
2366.0	1754.0	
2013.2	0.0	
2591.2	0.0	
2215.5	43.0	
1921.3	0.0	
2003.0	42.3	
1872.3	0.0	
2579.1	0.0	
17348.5	1614.5	
2030.6	0.0	
3030.9	0.0	
2043.2	0.0	
2621.2	0.0	
2072.3	1.0	
2097.2	0.0	
2149.9	70.9	
17754.0	289.5	
1981.6	0.0	
2926.1	0.0	
2018.5	0.0	
1994.2	0.0	
2572.2	0.0	
17836.8	21.9	
1902.3	0.0	
3005.1	0.0	
2060.6	0.0	
16869.6	0.0	
2514.3	504.5	
1927.4	0.0	
1976.7	1080.9	
2798.9	0.0	
2495.9	4358.1	
2389.2	0.0	
1969.5	0.0	
1877.6	0.0	
2011.6	0.0	
2140.4	0.0	
18416.9	0.0	
2995.0	61.9	
18100.0	0.0	
1989.3	190.1	
2048.5	0.0	
2602.2	0.0	
3507.2	13.1	
3578.8	0.0	
1957.4	0.0	
10276.6	1212.3	
2815.2	0.0	
1999.5	0.0	
18041.7	0.0	
2170.4	0.0	
2041.6	0.0	
1908.4	0.0	
2450.4	54.0	
2285.0	22.9	
14457.9	6784.3	
1974.8	0.0	
2645.4	0.0	
1963.5	464.5	
1987.4	0.0	
7198.9	1355.0	
2420.3	0.0	
2029.5	0.0	
2669.4	224.3	
1925.8	0.0	
2926.5	0.1	
1938.4	0.0	
2084.8	0.0	
2537.8	163.6	
18032.0	0.0	
2371.3	0.0	
2767.3	0.0	
2004.8	0.0	
12030.4	66.0	
2109.3	0.0	
2151.4	0.0	
2360.6	70.9	
2887.7	0.0	
2884.2	330.2	
2584.3	0.0	
1955.8	0.0	
2535.3	0.0	
1906.8	0.0	
2686.5	29.1	
10905.1	9828.5	
1985.8	0.0	
2962.8	0.1	
2362.4	425.0	
2606.7	0.0	
2485.9	0.0	
2076.2	37.5	
1985.1	0.0	
9949.7	225.9	
2436.9	0.0	
2423.2	0.0	
3233.7	1461.9	
2427.5	1725.8	
2827.9	0.6	
1936.1	0.0	
2515.9	0.0	
2649.9	0.0	
2240.2	0.0	
14992.3	44.5	
2820.8	0.0	
3374.5	0.0	
2015.1	0.0	
2149.1	0.0	
18353.6	0.0	
1914.2	109.6	
2356.5	9.9	
2057.2	0.0	
18956.5	0.0	
18102.2	317.8	
2637.8	0.0	
17716.9	99.5	
3033.8	0.0	
2220.2	64.1	
1966.1	0.0	
3115.6	20.6	
2137.0	0.0	
2060.9	70.9	
3270.5	0.0	
1917.1	0.0	
1933.2	86.2	
2496.9	0.0	
2612.0	0.0	
2746.0	0.0	
2005.0	2.0	
3380.2	0.1	
2392.1	0.0	
1996.1	0.0	
2130.1	0.0	
4050.4	0.0	
2447.9	0.0	
2563.0	0.0	
17161.2	50.3	
18541.5	0.0	
17130.7	0.0	
2618.8	0.0	
2209.1	0.0	
2660.9	0.0	
2222.3	0.0	
17942.6	373.7	
2514.0	0.0	
16806.8	7167.3	
2264.4	0.0	
2002.4	0.0	
2002.4	0.5	
3421.2	0.0	
2873.9	0.0	
18086.6	342.1	
18226.5	0.7	
18452.2	0.0	
2044.3	0.0	
2032.4	0.0	
1918.6	995.5	
3367.9	1346.4	
2231.3	86.2	
2666.6	0.1	
2007.7	0.0	
2323.7	0.0	
2457.7	0.0	
2061.7	0.0	
2065.3	709.3	
3835.1	0.0	
2170.7	926.2	
2872.9	29.1	
1958.7	0.0	
15521.9	81.5	
2140.7	0.0	
2274.7	0.0	
2749.7	0.0	
2353.7	0.0	
1909.7	0.0	
3036.2	0.0	
2199.8	42.0	
6909.1	57.2	
2920.6	0.0	
2179.6	2.0	
1988.7	0.0	
3645.2	0.0	
3249.2	0.0	
18220.0	360.2	
14670.9	70177.6	
2769.5	0.1	
3871.9	0.0	
4842.1	20.0	
2121.7	0.0	
2255.7	0.0	
2384.5	0.0	
15257.7	0.0	
1872.9	0.0	
3804.0	0.0	
2334.7	0.0	
18917.1	0.0	
18521.1	0.0	
1951.9	0.0	
2481.9	0.0	
2085.9	0.0	
2186.8	212.8	
5978.7	0.0	
1969.7	0.0	
2810.5	0.0	
2414.5	0.0	
1981.1	0.0	
2164.9	0.0	
2018.0	0.0	
2712.7	2713.7	
2073.8	0.0	
17369.4	2790.3	
11922.1	0.0	
2060.1	0.0	
17714.9	418.6	
18535.7	0.0	
17755.3	1569.6	
18685.1	0.0	
2115.9	0.0	
1969.0	0.0	
2682.8	0.0	
2557.5	26.3	
1969.2	414.4	
1932.9	0.0	
2066.9	0.0	
4454.9	501.0	
2182.0	0.0	
2103.8	0.0	
2689.1	7.1	
3486.4	0.0	
3151.3	240.4	
2279.9	0.0	
15867.8	21779.8	
1999.0	0.0	
2017.9	0.0	
4118.4	0.0	
18445.5	12.6	
2054.8	0.0	
17777.5	1568.9	
2181.7	52.1	
13533.4	0.0	
18128.2	66.8	
9594.9	1.0	
1974.3	0.0	
1950.0	0.0	
1883.2	0.0	
2309.9	0.0	
2029.0	0.0	
1925.3	0.0	
2480.8	0.0	
18547.0	7.4	
2004.3	0.0	
1980.0	0.0	
1913.2	0.0	
2322.1	479.7	
18576.5	24.6	
14859.9	1603.0	
1955.3	0.0	
2529.2	111.4	
2875.5	3686.8	
2141.8	11.2	
2442.2	0.0	
1930.6	0.0	
1906.3	0.0	
17656.2	0.0	
2064.6	0.0	
3326.9	0.0	
1943.2	0.0	
2106.7	0.0	
2655.2	0.0	
1985.3	0.0	
2157.4	74.7	
2277.6	0.0	
1881.6	0.0	
2185.7	0.0	
1894.2	0.0	
2052.5	0.0	
2356.6	0.0	
1960.6	0.0	
1936.3	0.0	
12204.3	33241.1	
2819.2	0.0	
2529.1	8.7	
2990.1	0.0	
2045.6	0.0	
2912.4	385.3	
3289.0	0.0	
2344.5	0.0	
2515.4	0.0	
2422.2	167.8	
18420.8	6.1	
2253.4	0.0	
2295.5	0.0	
4414.9	0.0	
2066.7	86.2	
14863.2	88.0	
1917.9	0.0	
1941.6	0.0	
2260.8	155.9	
2377.6	2.6	
2075.6	0.0	
2204.4	0.0	
2886.1	0.0	
2466.4	0.0	
3292.8	6.7	
2508.5	0.0	
2008.8	0.0	
2679.4	0.0	
1892.6	0.0	
3112.3	0.0	
2721.5	0.0	
2325.5	0.0	
5324.3	0.0	
2588.3	0.0	
17963.3	991.6	
17881.8	1275.4	
2242.5	2.0	
1947.9	0.0	
2105.6	0.0	
4849.3	1316.3	
2801.3	0.0	
2038.8	0.0	
18302.9	7.0	
18540.7	49.5	
2069.8	0.0	
2318.3	164.8	
1989.8	0.0	
17112.0	201.4	
9389.1	0.0	
2406.3	2002.7	
2148.8	0.0	
17533.3	2248.3	
17952.7	0.0	
18331.2	262.0	
2019.8	0.0	
2023.4	7.4	
2902.7	0.0	
18116.3	58.2	
17329.1	7550.9	
3700.9	126.9	
2110.2	0.0	
2132.6	816.4	
17052.9	1047.5	
2035.6	26.9	
2721.9	0.1	
8534.9	5536.8	
2323.2	0.0	
17926.1	1487.4	
18335.2	92.9	
2232.1	0.0	
18174.6	0.0	
3365.6	0.0	
1958.2	0.0	
2274.2	0.0	
2311.1	0.0	
2749.2	0.0	
2283.9	2.0	
4176.3	310.9	
3446.7	76.5	
2262.1	0.0	
2000.1	0.0	
3362.5	5.0	
2163.5	1142.3	
1884.5	0.0	
2213.1	0.0	
18025.9	111.6	
7376.4	261.0	
2205.3	7.4	
2121.2	0.0	
2005.6	0.0	
2268.4	0.0	
2426.1	0.0	
2030.1	0.0	
3121.0	0.0	
18409.6	1.0	
2463.0	0.0	
1914.5	0.0	
2072.2	0.0	
15115.6	0.0	
3310.8	0.0	
1951.4	0.0	
2901.1	0.0	
2085.4	0.0	
2243.1	0.0	
17891.0	170.9	
3334.0	0.0	
1976.3	18.1	
3072.0	0.0	
2256.3	0.0	
2003.1	42.2	
18178.9	0.0	
2036.4	0.0	
2391.4	14686.5	
3169.9	0.0	
17996.0	0.0	
17490.0	1360.0	
1968.6	791.1	
1944.5	0.0	
2115.4	0.0	
18525.9	0.0	
10979.4	768.8	
2548.3	0.0	
17551.0	0.0	
2157.5	0.0	
2444.6	84.7	
2328.4	0.0	
1932.4	0.0	
2540.7	0.0	
16490.6	71032.8	
2499.3	0.0	
2508.0	26.8	
2166.0	4.4	
2145.4	0.0	
2041.7	0.0	
2017.4	0.0	
2619.7	0.0	
2006.4	58.4	
4435.7	0.0	
1925.5	0.0	
2054.3	0.0	
18778.2	0.0	
1950.2	60.3	
1992.7	0.0	
2529.3	0.0	
2522.8	1256.1	
2310.1	309.5	
1900.8	0.0	
2034.8	0.0	
3137.6	0.0	
2912.5	0.0	
2387.7	0.0	
6331.0	0.0	
2209.8	7.4	
2084.3	0.0	
2691.6	1.6	
2754.5	353.5	
2394.5	535.7	
1888.7	0.0	
17934.7	3115.7	
2297.3	0.0	
17442.2	1623.1	
2934.8	412.4	
10522.8	151.9	
3362.2	0.0	
2417.7	0.0	
1973.7	0.0	
2115.0	430.4	
2208.8	1089.2	
3417.5	0.0	
2064.1	0.0	
17872.6	0.0	
16958.3	18626.9	
2935.6	0.0	
2972.5	0.0	
16287.4	7540.4	
1881.1	0.0	
2752.6	0.0	
1936.9	0.0	
2052.0	0.0	
1960.1	0.0	
2138.1	55.1	
2131.0	0.0	
18541.1	0.9	
1911.1	0.0	
2045.1	0.0	
2228.9	0.0	
3178.6	0.0	
1966.9	0.0	
2478.0	0.0	
2202.5	71.8	
2115.6	7.4	
3874.3	0.0	
10355.5	10988.2	
2837.9	0.0	
2557.0	0.0	
2179.9	0.0	
2295.0	0.0	
1899.0	0.0	
2033.0	0.0	
2612.8	0.0	
2350.8	0.0	
1941.1	0.0	
2088.8	0.0	
2075.1	0.0	
2435.5	17847.2	
2455.9	168.9	
1996.9	0.0	
2526.9	0.0	
2112.0	0.0	
2246.0	0.0	
2008.3	0.0	
3335.5	0.4	
18582.9	906.8	
4969.2	0.0	
2380.8	0.0	
1980.0	2.5	
18223.9	0.0	
2105.1	0.0	
18467.0	1357.2	
13944.3	602.8	
18644.4	0.0	
15830.6	22708.2	
2538.0	0.0	
2118.3	0.0	
2379.3	29.9	
18378.3	3.8	
2038.3	0.0	
3528.2	47.6	
2727.8	0.0	
2227.9	90.6	
10177.1	270.3	
2336.8	78.5	
3183.2	0.0	
17516.9	0.0	
2050.4	352.2	
15654.8	5999.7	
1989.3	0.0	
2072.3	17.6	
16568.4	72239.8	
2189.7	0.0	
2227.0	60.3	
17798.7	758.5	
15658.3	2.6	
2646.1	59.9	
2019.3	0.0	
3518.1	0.0	
1903.7	0.0	
2219.7	0.0	
4186.1	83.5	
2768.2	0.0	
2256.6	0.0	
3418.7	143.4	
2130.5	430.4	
1930.8	13.6	
1905.1	109.6	
3115.2	0.0	
2170.7	0.0	
2719.2	0.0	
3548.1	0.0	
2207.6	0.0	
1945.6	0.0	
1933.7	0.0	
2155.1	76.0	
2116.5	0.0	
2420.6	0.0	
2200.7	0.0	
2329.5	0.0	
18243.0	66.0	
18237.7	0.0	
3158.4	0.0	
2371.6	0.0	
1975.6	0.0	
2500.4	0.0	
2109.6	0.0	
2257.9	55.1	
3633.9	0.0	
2492.8	484.8	
14285.8	2681.8	
2490.3	1645.0	
2531.8	693.0	
18032.7	24.6	
2194.4	280.4	
2975.4	0.0	
2030.9	0.0	
8640.8	70.5	
2322.6	0.0	
3542.3	0.0	
14030.6	394.5	
2230.7	0.0	
17928.9	320.0	
2269.0	155.9	
2243.9	0.0	
2038.8	2.0	
1981.9	0.0	
2152.8	0.0	
2060.9	0.0	
17489.0	190.9	
2785.5	0.0	
2513.3	272.4	
3412.5	74.3	
17813.6	966.6	
3514.8	7.4	
18105.5	0.0	
13558.6	9.3	
2602.5	0.0	
2731.3	0.0	
2112.7	2.7	
17553.4	129.6	
2189.0	84.2	
2773.4	0.0	
4979.0	0.0	
1944.0	0.0	
1962.9	0.0	
11685.2	0.0	
2944.3	0.0	
2133.8	0.0	
2725.9	0.1	
9844.6	34302.6	
2041.9	0.0	
17800.3	3883.3	
1895.0	0.0	
2365.4	1309.4	
2212.8	0.0	
13067.7	252.1	
17721.9	4.1	
1907.2	0.0	
2041.2	0.0	
2426.1	5449.3	
2357.2	0.0	
2358.4	100.6	
1900.3	0.0	
3441.7	0.0	
2407.5	405.7	
17388.2	0.0	
2471.3	7.4	
2203.8	3115.6	
2125.2	0.0	
3654.7	0.0	
1888.2	0.0	
16924.2	337.4	
2022.2	0.0	
2204.2	0.0	
2338.2	0.0	
2292.1	2.0	
18451.6	0.0	
1997.5	0.0	
1973.2	0.0	
2680.0	0.0	
2168.4	0.0	
2326.1	0.0	
2210.5	0.0	
2339.3	0.0	
17485.6	4953.1	
2368.2	0.0	
1948.5	0.0	
2502.2	0.0	
2359.0	42.3	
2479.7	504.5	
2195.1	944.7	
1990.6	0.0	
2582.7	0.1	
18395.9	0.0	
3630.0	0.0	
3302.4	63.8	
2312.9	5074.4	
2231.9	4.4	
2552.3	0.0	
2027.5	0.0	
2752.1	0.0	
1936.4	0.0	
2240.5	0.0	
2369.3	0.0	
1978.5	0.0	
2365.9	3755.4	
2020.6	0.0	
2103.7	1.0	
1953.8	0.0	
1929.5	0.0	
17837.7	0.0	
2197.9	633.8	
2624.4	0.0	
2362.4	0.0	
1966.4	0.0	
18456.0	0.0	
2008.5	0.0	
2142.5	0.0	
1904.8	0.0	
2050.6	0.0	
2179.4	0.0	
1917.4	0.0	
3397.7	747.8	
3049.7	0.0	
3319.3	318.8	
2221.5	0.0	
1983.8	0.0	
18001.5	166.6	
1953.0	2434.1	
2082.9	511.0	
1996.4	0.0	
2130.4	0.0	
2114.5	22.5	
2167.3	0.0	
2301.3	0.0	
1934.8	0.0	
16557.3	0.0	
2471.2	63.3	
17734.6	469.0	
4499.2	0.0	
1964.8	0.0	
18236.6	2.3	
1873.7	0.0	
2806.3	0.0	
18089.6	0.0	
2010.7	5.5	
18063.5	82.7	
1952.7	0.0	
1964.1	0.0	
18168.6	0.0	
18815.5	0.6	
2877.7	0.0	
2481.7	0.0	
2177.1	0.0	
15380.5	429.9	
2628.9	0.0	
2348.0	0.0	
2219.2	0.0	
1956.7	23.1	
1994.1	0.0	
2128.1	0.0	
